工号,层级,物料编码,物料描述,批次,特性值
P121012184,2,P121010075,提拉杆连接件组合件_23500454_B/34070110_A/84070111_A,,
Z161010000,2,P121010072,提拉杆连接件组合件_23500454_A/84070111_A/34070110_A,,
Z161010001,2,P121010076,提拉杆连接件组合件_23500454_H/84070111_A/34070110_A,,
Z161010002,2,P121010072,提拉杆连接件组合件_23500454_A/84070111_A/34070110_A,,
Z161010003,2,P121010077,提拉杆连接件组合件_23500455_H/84070111_A/34070110_A,,
Z161010004,2,P121010073,提拉杆连接件组合件_23500455_A/84070111_A/34070110_A,,
Z161010005,2,P121010124,提拉杆连接件组合件23500455_N_23500455_N/84070111_A/34070110_A,,
Z161010006,2,P121010073,提拉杆连接件组合件_23500455_A/84070111_A/34070110_A,,
Z161010007,2,P121010130,提拉杆连接件组合件23500455_J_23500455_J/84070111_A/34070110_A,,
Z161010016,2,P121010071,提拉杆连接件组合件_W4500520_A/84070111_A/34070110_A,,
Z161010017,2,P121010074,提拉杆连接件组合件_W4500455_A/84070111_A/34070110_A,,
Z161010026,2,P121010075,提拉杆连接件组合件_23500454_B/34070110_A/84070111_A,,
Z161010036,2,P121010076,提拉杆连接件组合件_23500454_H/84070111_A/34070110_A,,
Z161010038,2,P121010072,提拉杆连接件组合件_23500454_A/84070111_A/34070110_A,,
Z161010046,2,P121010075,提拉杆连接件组合件_23500454_B/34070110_A/84070111_A,,
Z161010048,2,P121010073,提拉杆连接件组合件_23500455_A/84070111_A/34070110_A,,
Z161010051,2,P121010077,提拉杆连接件组合件_23500455_H/84070111_A/34070110_A,,
Z161010053,2,P121010072,提拉杆连接件组合件_23500454_A/84070111_A/34070110_A,,
Z161010055,2,P121010130,提拉杆连接件组合件23500455_J_23500455_J/84070111_A/34070110_A,,
Z161010056,2,P121010125,提拉杆连接件组合件23500455_P_23500455_P/84070111_A/34070110_A,,
Z161010057,2,P121010073,提拉杆连接件组合件_23500455_A/84070111_A/34070110_A,,
Z161010061,2,P121010123,提拉杆连接件组合件23500454_N_23500454_N/84070111_A/34070110_A,,
Z161010062,2,P121010114,提拉杆连接件组合件14506744_A_14506744_A/84070111_A/34070110_A,,
Z161010065,2,P121010114,提拉杆连接件组合件14506744_A_14506744_A/84070111_A/34070110_A,,
Z161010066,2,P121010078,提拉杆连接件组合件_W4502437_A/84070111_A/34070110_A,,
Z161010067,2,P121010124,提拉杆连接件组合件23500455_N_23500455_N/84070111_A/34070110_A,,
Z161010068,2,P121010074,提拉杆连接件组合件_W4500455_A/84070111_A/34070110_A,,
Z161010070,2,P121010070,提拉杆连接件组合件_13515650_A/84070111_A/34070110_A,,
Z161010078,2,P121010113,提拉杆连接件组合件14506744_E_14506744_E/84070111_A/34070110_A,,
Z161010080,2,P121010125,提拉杆连接件组合件23500455_P_23500455_P/84070111_A/34070110_A,,
Z161010081,2,P121010114,提拉杆连接件组合件14506744_A_14506744_A/84070111_A/34070110_A,,
Z161010084,2,P121010077,提拉杆连接件组合件_23500455_H/84070111_A/34070110_A,,
Z161010095,2,P121010131,提拉杆连接件组合件23500454_C_23500454_C/84070111_A/34070110_A,,
Z161010105,2,P121010129,提拉杆连接件组合件23500454_J_23500454_J/84070111_A/34070110_A,,
Z161010114,2,P121010138,提拉杆连接件组合件13515652_A_13515652_A/84070111_A/34070110_A,,
Z161010116,2,P121010130,提拉杆连接件组合件23500455_J_23500455_J/84070111_A/34070110_A,,
Z161010121,2,P121010076,提拉杆连接件组合件_23500454_H/84070111_A/34070110_A,,
Z161010122,2,P121010118,提拉杆连接件组合件14506744_J_14506744_J/84070111_A/34070110_A,,
Z161010136,2,P121010073,提拉杆连接件组合件_23500455_A/84070111_A/34070110_A,,
Z161010142,2,P121010150,提拉杆连接件组合件W4506844_A_W4506844_A/84070111_A/34070110_A,,
Z161010144,2,P121010138,提拉杆连接件组合件13515652_A_13515652_A/84070111_A/34070110_A,,
Z161010167,2,P121010135,提拉杆连接件组合件13515650_B_13515650_B/84070111_A/34070110_A,,
Z161010186,2,P121010139,提拉杆连接件组合件13515652_B_13515652_B/84070111_A/34070110_A,,
Z161010191,2,P121010116,提拉杆连接件组合件14506744_F_14506744_F/84070111_A/34070110_A,,
Z161010207,2,P121010132,提拉杆连接件组合件23500455_C_23500455_C/84070111_A/34070110_A,,
Z161010214,2,P121010071,提拉杆连接件组合件_W4500520_A/84070111_A/34070110_A,,
Z161010266,2,P121010124,提拉杆连接件组合件23500455_N_23500455_N/84070111_A/34070110_A,,
Z161010272,2,P121010130,提拉杆连接件组合件23500455_J_23500455_J/84070111_A/34070110_A,,
Z161010299,2,P121010155,提拉杆连接件组合件W4518011_A_W4518011_A/84070111_A/34070110_A,,
Z161010346,2,P121010123,提拉杆连接件组合件23500454_N_23500454_N/84070111_A/34070110_A,,
Z161010370,2,P121010120,提拉杆连接件组合件14506744_K_14506744_K/84070111_A/34070110_A,,
Z161010385,2,P121010139,提拉杆连接件组合件13515652_B_13515652_B/84070111_A/34070110_A,,
Z161010391,2,P121010119,提拉杆连接件组合件14506744_G_14506744_G/84070111_A/34070110_A,,
Z161010404,2,P121010122,提拉杆连接件组合件23500455_B_23500455_B/84070111_A/34070110_A,,
Z161010418,2,P121010128,提拉杆连接件组合件23500454_P_23500454_P/84070111_A/34070110_A,,
Z161010671,2,P121010072,提拉杆连接件组合件_23500454_A/84070111_A/34070110_A,,
Z161010798,2,P121010073,提拉杆连接件组合件_23500455_A/84070111_A/34070110_A,,
Z161010963,2,P121010123,提拉杆连接件组合件23500454_N_23500454_N/84070111_A/34070110_A,,
Z161010987,2,P121010072,提拉杆连接件组合件_23500454_A/84070111_A/34070110_A,,
Z161011007,2,P121010138,提拉杆连接件组合件13515652_A_13515652_A/84070111_A/34070110_A,,
Z161011011,2,P121010138,提拉杆连接件组合件13515652_A_13515652_A/84070111_A/34070110_A,,
Z161011043,2,P121010132,提拉杆连接件组合件23500455_C_23500455_C/84070111_A/34070110_A,,
Z161011054,2,P121010135,提拉杆连接件组合件13515650_B_13515650_B/84070111_A/34070110_A,,
Z161011101,2,P121010075,提拉杆连接件组合件_23500454_B/34070110_A/84070111_A,,
Z161011126,2,P121010072,提拉杆连接件组合件_23500454_A/84070111_A/34070110_A,,
Z161011128,2,P121010076,提拉杆连接件组合件_23500454_H/84070111_A/34070110_A,,
Z161011203,2,P121010116,提拉杆连接件组合件14506744_F_14506744_F/84070111_A/34070110_A,,
Z161011342,2,P121010139,提拉杆连接件组合件13515652_B_13515652_B/84070111_A/34070110_A,,
Z161011464,2,P121010075,提拉杆连接件组合件_23500454_B/34070110_A/84070111_A,,
Z161011471,2,P121010122,提拉杆连接件组合件23500455_B_23500455_B/84070111_A/34070110_A,,
Z161250000,2,P121010113,提拉杆连接件组合件14506744_E_14506744_E/84070111_A/34070110_A,,
Z161250001,2,P121010114,提拉杆连接件组合件14506744_A_14506744_A/84070111_A/34070110_A,,
Z161250004,2,P121010118,提拉杆连接件组合件14506744_J_14506744_J/84070111_A/34070110_A,,
Z161261053,2,P121010113,提拉杆连接件组合件14506744_E_14506744_E/84070111_A/34070110_A,,
Z161261058,2,P121010119,提拉杆连接件组合件14506744_G_14506744_G/84070111_A/34070110_A,,
Z161261207,2,P121010114,提拉杆连接件组合件14506744_A_14506744_A/84070111_A/34070110_A,,
Z161261208,2,P121010118,提拉杆连接件组合件14506744_J_14506744_J/84070111_A/34070110_A,,
Z161261245,2,P121010120,提拉杆连接件组合件14506744_K_14506744_K/84070111_A/34070110_A,,
Z161261248,2,P121010116,提拉杆连接件组合件14506744_F_14506744_F/84070111_A/34070110_A,,
Z161261251,2,P121010113,提拉杆连接件组合件14506744_E_14506744_E/84070111_A/34070110_A,,
Z161261256,2,P121010120,提拉杆连接件组合件14506744_K_14506744_K/84070111_A/34070110_A,,
Z161263254,2,P121010116,提拉杆连接件组合件14506744_F_14506744_F/84070111_A/34070110_A,,
Z161263256,2,P121010115,提拉杆连接件组合件14506744_N_14506744_N/84070111_A/34070110_A,,
Z161263260,2,P121010119,提拉杆连接件组合件14506744_G_14506744_G/84070111_A/34070110_A,,
Z161263265,2,P121010119,提拉杆连接件组合件14506744_G_14506744_G/84070111_A/34070110_A,,
Z161263271,2,P121010116,提拉杆连接件组合件14506744_F_14506744_F/84070111_A/34070110_A,,
Z161263274,2,P121010117,提拉杆连接件组合件14506744_C_14506744_C/84070111_A/34070110_A,,
Z161263277,2,P121010116,提拉杆连接件组合件14506744_F_14506744_F/84070111_A/34070110_A,,
Z161263391,2,P121010139,提拉杆连接件组合件13515652_B_13515652_B/84070111_A/34070110_A,,
Z161263423,2,P121010307,提拉杆连接件组合件F7570266_A_F7570266_A/84070111_A/34070110_A,,
Z161263595,2,P121010138,提拉杆连接件组合件13515652_A_13515652_A/84070111_A/34070110_A,,
Z161263715,2,P121010112,提拉杆连接件组合件14506744_M_14506744_M/84070111_A/34070110_A,,
Z161263717,2,P121010121,提拉杆连接件组合件14506744_H_14506744_H/84070111_A/34070110_A,,
Z161263718,2,P121010070,提拉杆连接件组合件_13515650_A/84070111_A/34070110_A,,
Z161263745,2,P121010112,提拉杆连接件组合件14506744_M_14506744_M/84070111_A/34070110_A,,
Z161263756,2,P121010114,提拉杆连接件组合件14506744_A_14506744_A/84070111_A/34070110_A,,
Z161263764,2,P121010121,提拉杆连接件组合件14506744_H_14506744_H/84070111_A/34070110_A,,
Z161263776,2,P121010119,提拉杆连接件组合件14506744_G_14506744_G/84070111_A/34070110_A,,
Z161263791,2,P121010124,提拉杆连接件组合件23500455_N_23500455_N/84070111_A/34070110_A,,
Z161263851,2,P121010075,提拉杆连接件组合件_23500454_B/34070110_A/84070111_A,,
Z161263852,2,P121010123,提拉杆连接件组合件23500454_N_23500454_N/84070111_A/34070110_A,,
Z161263885,2,P121010123,提拉杆连接件组合件23500454_N_23500454_N/84070111_A/34070110_A,,
Z161263924,2,P121010138,提拉杆连接件组合件13515652_A_13515652_A/84070111_A/34070110_A,,
Z161264011,2,P121010122,提拉杆连接件组合件23500455_B_23500455_B/84070111_A/34070110_A,,
Z161264018,2,P121010139,提拉杆连接件组合件13515652_B_13515652_B/84070111_A/34070110_A,,
Z161264120,2,P121010139,提拉杆连接件组合件13515652_B_13515652_B/84070111_A/34070110_A,,
Z161264152,2,P121010113,提拉杆连接件组合件14506744_E_14506744_E/84070111_A/34070110_A,,
Z161264505,2,P121010697,提拉杆连接件组合件_C0014336_A/84070111_A,,
Z161264520,2,P121010697,提拉杆连接件组合件_C0014336_A/84070111_A,,
Z161264521,2,P121010697,提拉杆连接件组合件_C0014336_A/84070111_A,,
Z161264534,2,P121010697,提拉杆连接件组合件_C0014336_A/84070111_A,,
Z161264537,2,P121010697,提拉杆连接件组合件_C0014336_A/84070111_A,,
Z161264576,2,P121010697,提拉杆连接件组合件_C0014336_A/84070111_A,,
Z161264592,2,P121010697,提拉杆连接件组合件_C0014336_A/84070111_A,,
Z161264593,2,P121010697,提拉杆连接件组合件_C0014336_A/84070111_A,,
Z161264610,2,P121010697,提拉杆连接件组合件_C0014336_A/84070111_A,,
Z161264692,2,P121010697,提拉杆连接件组合件_C0014336_A/84070111_A,,
Z161264721,2,P121010697,提拉杆连接件组合件_C0014336_A/84070111_A,,
Z161264723,2,P121010697,提拉杆连接件组合件_C0014336_A/84070111_A,,
Z161264730,2,P121010697,提拉杆连接件组合件_C0014336_A/84070111_A,,
Z161264731,2,P121010697,提拉杆连接件组合件_C0014336_A/84070111_A,,
Z161264735,2,P121010697,提拉杆连接件组合件_C0014336_A/84070111_A,,
Z161264740,2,P121010697,提拉杆连接件组合件_C0014336_A/84070111_A,,
Z161264741,2,P121010697,提拉杆连接件组合件_C0014336_A/84070111_A,,
Z161264743,2,P121010697,提拉杆连接件组合件_C0014336_A/84070111_A,,
Z161264747,2,P121010697,提拉杆连接件组合件_C0014336_A/84070111_A,,
Z161264758,2,P121010697,提拉杆连接件组合件_C0014336_A/84070111_A,,
Z161264762,2,P121010697,提拉杆连接件组合件_C0014336_A/84070111_A,,
Z161264768,2,P121010697,提拉杆连接件组合件_C0014336_A/84070111_A,,
Z161264773,2,P121010697,提拉杆连接件组合件_C0014336_A/84070111_A,,
Z161264798,2,P121010697,提拉杆连接件组合件_C0014336_A/84070111_A,,
Z161264816,2,P121010697,提拉杆连接件组合件_C0014336_A/84070111_A,,
Z161264830,2,P121010697,提拉杆连接件组合件_C0014336_A/84070111_A,,
Z161264833,2,P121010697,提拉杆连接件组合件_C0014336_A/84070111_A,,
Z161264834,2,P121010697,提拉杆连接件组合件_C0014336_A/84070111_A,,
Z161264853,2,P121010697,提拉杆连接件组合件_C0014336_A/84070111_A,,
Z161264864,2,P121010697,提拉杆连接件组合件_C0014336_A/84070111_A,,
Z161264868,2,P121010697,提拉杆连接件组合件_C0014336_A/84070111_A,,
Z161264872,2,P121010697,提拉杆连接件组合件_C0014336_A/84070111_A,,
Z161264914,2,P121010697,提拉杆连接件组合件_C0014336_A/84070111_A,,
Z161264937,2,P121010697,提拉杆连接件组合件_C0014336_A/84070111_A,,
Z161264943,2,P121010697,提拉杆连接件组合件_C0014336_A/84070111_A,,
Z161264944,2,P121010697,提拉杆连接件组合件_C0014336_A/84070111_A,,
Z161264958,2,P121010697,提拉杆连接件组合件_C0014336_A/84070111_A,,
Z161265005,2,P121010697,提拉杆连接件组合件_C0014336_A/84070111_A,,
Z161265652,2,P121011622,提拉杆连接件组合件_FA069419_A/84070111_A,,
Z161265832,2,P121010608,提拉杆连接件组合件_13529946_A/84070111_A,,
Z161265868,2,P121010608,提拉杆连接件组合件_13529946_A/84070111_A,,
Z161266197,2,P121012529,提拉杆连接件组合件_W4691218_A/84070111_A,,
Z161266334,2,P121010610,提拉杆连接件组合件_13529946_F/84070111_A,,
Z161266348,2,P121012520,提拉杆连接件组合件_FA243583_A/84070111_A,,
Z161266463,2,P121012520,提拉杆连接件组合件_FA243583_A/84070111_A,,
Z161266499,2,P121012247,提拉杆连接件组合件,,
Z161266531,2,P121010617,提拉杆连接件组合件_F8822381_A/84070111_A,,
Z161266539,2,P121010606,提拉杆连接件组合件_13529946_C/84070111_A,,
Z161266556,2,P121012299,提拉杆连接件组合件_FA290248_A/84070111_A,,
Z161266590,2,P121012331,提拉杆连接件组合件_FA263340_A/84070111_A,,
Z161266604,2,P121010606,提拉杆连接件组合件_13529946_C/84070111_A,,
Z161266629,2,P121010606,提拉杆连接件组合件_13529946_C/84070111_A,,
Z161266669,2,P121010607,提拉杆连接件组合件_13529946_D/84070111_A,,
Z161266699,2,P121012403,提拉杆连接件组合件_FA290787_A/84070111_A,,
Z161266714,2,P121012418,提拉杆连接件组合件_W4630986_M/84070111_A,,
Z161266719,2,P121010608,提拉杆连接件组合件_13529946_A/84070111_A,,
Z161266728,2,P121010608,提拉杆连接件组合件_13529946_A/84070111_A,,
Z161266729,2,P121010614,提拉杆连接件组合件_13529946_B/84070111_A,,
Z161266750,2,P121010606,提拉杆连接件组合件_13529946_C/84070111_A,,
Z161266758,2,P121010773,提拉杆连接件组合件F8925534_A_F8925534_A/84070111_A/34070110_A,,
Z161266815,2,P121012470,提拉杆连接件组合件_W4679195_A/84070111_A,,
Z161266859,2,P121010613,提拉杆连接件组合件_13529946_H/84070111_A,,
Z161266914,2,P121011895,提拉杆连接件组合件_FA168160_A/84070111_A,,
Z161266915,2,P121010607,提拉杆连接件组合件_13529946_D/84070111_A,,
Z161266921,2,P121010607,提拉杆连接件组合件_13529946_D/84070111_A,,
Z161266949,2,P121011113,提拉杆连接件组合件_F9123948_A/84070111_A,,
Z161267002,2,P121010607,提拉杆连接件组合件_13529946_D/84070111_A,,
Z161267037,2,P121010614,提拉杆连接件组合件_13529946_B/84070111_A,,
Z161267048,2,P121010614,提拉杆连接件组合件_13529946_B/84070111_A,,
Z161267052,2,P121010614,提拉杆连接件组合件_13529946_B/84070111_A,,
Z161267110,2,P121012592,提拉杆连接件组合件_FA331353_A/84070111_A,,
Z161267119,2,P121010607,提拉杆连接件组合件_13529946_D/84070111_A,,
Z161267211,2,P121010609,提拉杆连接件组合件_13529946_E/84070111_A,,
Z161267229,2,P121010607,提拉杆连接件组合件_13529946_D/84070111_A,,
Z161267234,2,P121010607,提拉杆连接件组合件_13529946_D/84070111_A,,
Z161267275,2,P121010617,提拉杆连接件组合件_F8822381_A/84070111_A,,
Z161267276,2,P121010606,提拉杆连接件组合件_13529946_C/84070111_A,,
Z161267334,2,P121010607,提拉杆连接件组合件_13529946_D/84070111_A,,
Z161267338,2,P121010607,提拉杆连接件组合件_13529946_D/84070111_A,,
Z161267340,2,P121010610,提拉杆连接件组合件_13529946_F/84070111_A,,
Z161267345,2,P121010610,提拉杆连接件组合件_13529946_F/84070111_A,,
Z161267346,2,P121010610,提拉杆连接件组合件_13529946_F/84070111_A,,
Z161267348,2,P121010610,提拉杆连接件组合件_13529946_F/84070111_A,,
Z161267391,2,P121010610,提拉杆连接件组合件_13529946_F/84070111_A,,
Z161267416,2,P121012470,提拉杆连接件组合件_W4679195_A/84070111_A,,
Z161267425,2,P121010613,提拉杆连接件组合件_13529946_H/84070111_A,,
Z161267426,2,P121010613,提拉杆连接件组合件_13529946_H/84070111_A,,
Z161267453,2,P121010607,提拉杆连接件组合件_13529946_D/84070111_A,,
Z161267511,2,P121010610,提拉杆连接件组合件_13529946_F/84070111_A,,
Z161267542,2,P121010607,提拉杆连接件组合件_13529946_D/84070111_A,,
Z161267545,2,P121012752,提拉杆连接件组合件_FA402789_A/84070111_A,,
Z161267547,2,P121010614,提拉杆连接件组合件_13529946_B/84070111_A,,
Z161267548,2,P121010607,提拉杆连接件组合件_13529946_D/84070111_A,,
Z161267664,2,P121010610,提拉杆连接件组合件_13529946_F/84070111_A,,
Z161267725,2,P121010773,提拉杆连接件组合件F8925534_A_F8925534_A/84070111_A/34070110_A,,
Z161267773,2,P121010610,提拉杆连接件组合件_13529946_F/84070111_A,,
Z161267826,2,P121010617,提拉杆连接件组合件_F8822381_A/84070111_A,,
Z161267939,2,P121010607,提拉杆连接件组合件_13529946_D/84070111_A,,
Z161267983,2,P121010614,提拉杆连接件组合件_13529946_B/84070111_A,,
Z161267995,2,P121010607,提拉杆连接件组合件_13529946_D/84070111_A,,
Z161268021,2,P121010614,提拉杆连接件组合件_13529946_B/84070111_A,,
Z161268081,2,P121010607,提拉杆连接件组合件_13529946_D/84070111_A,,
Z161268130,2,P121010610,提拉杆连接件组合件_13529946_F/84070111_A,,
Z161268181,2,P121010607,提拉杆连接件组合件_13529946_D/84070111_A,,
Z161268293,2,P121010613,提拉杆连接件组合件_13529946_H/84070111_A,,
Z161268310,2,P121010614,提拉杆连接件组合件_13529946_B/84070111_A,,
Z161268386,2,P121010610,提拉杆连接件组合件_13529946_F/84070111_A,,
Z161268403,2,P121010607,提拉杆连接件组合件_13529946_D/84070111_A,,
Z161268614,2,P121010607,提拉杆连接件组合件_13529946_D/84070111_A,,
Z161268865,2,P121010614,提拉杆连接件组合件_13529946_B/84070111_A,,
Z161269242,2,P121013125,提拉杆连接件组合件_W4693552_A/84070111_A,,
A521258812,2,P121010607,提拉杆连接件组合件_13529946_D/84070111_A,,
Z161010107,2,P121010619,提拉杆连接件组合件_23505809_A/84070111_A,,
Z161010108,2,P121010620,提拉杆连接件组合件_23505809_B/84070111_A,,
Z161010109,2,P121010683,提拉杆连接件组合件_23500454_Q/84070111_A,,
Z161010120,2,P121010631,提拉杆连接件组合件_W4506957_A/84070111_A,,
Z161010143,2,P121010633,提拉杆连接件组合件_W4506844_E/84070111_A,,
Z161010150,2,P121010621,提拉杆连接件组合件_13515654_B/84070111_A,,
Z161010180,2,P121010625,提拉杆连接件组合件_13515658_B/84070111_A,,
Z161010187,2,P121010632,提拉杆连接件组合件_W4508752_A/84070111_A,,
Z161010206,2,P121010682,提拉杆连接件组合件_23500455_Q/84070111_A,,
Z161010262,2,P121010150,提拉杆连接件组合件W4506844_A_W4506844_A/84070111_A/34070110_A,,
Z161010324,2,P121010636,提拉杆连接件组合件_W4506854_H/84070111_A,,
Z161010340,2,P121010683,提拉杆连接件组合件_23500454_Q/84070111_A,,
Z161010354,2,P121010628,提拉杆连接件组合件_13515660_B/84070111_A,,
Z161010356,2,P121010623,提拉杆连接件组合件_13515656_A/84070111_A,,
Z161010364,2,P121010626,提拉杆连接件组合件_13515658_A/84070111_A,,
Z161010371,2,P121010625,提拉杆连接件组合件_13515658_B/84070111_A,,
Z161010396,2,P121010624,提拉杆连接件组合件_13515656_B/84070111_A,,
Z161010438,2,P121010637,提拉杆连接件组合件_W4506854_B/84070111_A,,
Z161010452,2,P121010625,提拉杆连接件组合件_13515658_B/84070111_A,,
Z161010489,2,P121010638,提拉杆连接件组合件_W4524863_A/84070111_A,,
Z161010504,2,P121010635,提拉杆连接件组合件_W4506844_F/84070111_A,,
Z161010552,2,P121010622,提拉杆连接件组合件_13515654_A/84070111_A,,
Z161010600,2,P121010639,提拉杆连接件组合件_W4525928_A/84070111_A,,
Z161010608,2,P121010634,提拉杆连接件组合件_W4506844_C/84070111_A,,
Z161010634,2,P121010117,提拉杆连接件组合件14506744_C_14506744_C/84070111_A/34070110_A,,
Z161010665,2,P121010650,提拉杆连接件组合件_F5522702_A/84070111_A,,
Z161010672,2,P121010651,提拉杆连接件组合件_F5523158_A/84070111_A,,
Z161010674,2,P121010073,提拉杆连接件组合件_23500455_A/84070111_A/34070110_A,,
Z161010675,2,P121010626,提拉杆连接件组合件_13515658_A/84070111_A,,
Z161010780,2,P121010641,提拉杆连接件组合件_W4537429_A/84070111_A,,
Z161010797,2,P121010640,提拉杆连接件组合件_W4535638_A/84070111_A,,
Z161010808,2,P121010642,提拉杆连接件组合件_W4538519_A/84070111_A,,
Z161010823,2,P121010072,提拉杆连接件组合件_23500454_A/84070111_A/34070110_A,,
Z161010826,2,P121010643,提拉杆连接件组合件_W4539635_A/84070111_A,,
Z161010923,2,P121010644,提拉杆连接件组合件_W4548466_A/84070111_A,,
Z161010938,2,P121010645,提拉杆连接件组合件_W4549321_A/84070111_A,,
Z161010939,2,P121010077,提拉杆连接件组合件_23500455_H/84070111_A/34070110_A,,
Z161010991,2,P121010624,提拉杆连接件组合件_13515656_B/84070111_A,,
Z161011009,2,P121010646,提拉杆连接件组合件_W4554252_A/84070111_A,,
Z161011061,2,P121010621,提拉杆连接件组合件_13515654_B/84070111_A,,
Z161011186,2,P121010607,提拉杆连接件组合件_13529946_D/84070111_A,,
Z161011189,2,P121010626,提拉杆连接件组合件_13515658_A/84070111_A,,
Z161011253,2,P121010608,提拉杆连接件组合件_13529946_A/84070111_A,,
Z161011266,2,P121010607,提拉杆连接件组合件_13529946_D/84070111_A,,
Z161011306,2,P121010074,提拉杆连接件组合件_W4500455_A/84070111_A/34070110_A,,
Z161011307,2,P121010074,提拉杆连接件组合件_W4500455_A/84070111_A/34070110_A,,
Z161011351,2,P121010647,提拉杆连接件组合件_W4579703_A/84070111_A,,
Z161011382,2,P121010076,提拉杆连接件组合件_23500454_H/84070111_A/34070110_A,,
Z161011402,2,P121010648,提拉杆连接件组合件_W4583773_A/84070111_A,,
Z161011460,2,P121010649,提拉杆连接件组合件_W4589600_A/84070111_A,,
Z161011531,2,P121010130,提拉杆连接件组合件23500455_J_23500455_J/84070111_A/34070110_A,,
Z161011580,2,P121010627,提拉杆连接件组合件_13515658_C/84070111_A,,
Z161011718,2,P121010606,提拉杆连接件组合件_13529946_C/84070111_A,,
Z161011820,2,P121010607,提拉杆连接件组合件_13529946_D/84070111_A,,
Z161011827,2,P121010607,提拉杆连接件组合件_13529946_D/84070111_A,,
Z161011828,2,P121010607,提拉杆连接件组合件_13529946_D/84070111_A,,
Z161011945,2,P121011624,提拉杆连接件组合件_C0050123_A/84070111_A,,
Z161011979,2,P121010607,提拉杆连接件组合件_13529946_D/84070111_A,,
Z161011982,2,P121011757,提拉杆连接件组合件_C0050123_B/84070111_A,,
Z161011987,2,P121011624,提拉杆连接件组合件_C0050123_A/84070111_A,,
Z161011991,2,P121011624,提拉杆连接件组合件_C0050123_A/84070111_A,,
Z161012010,2,P121010607,提拉杆连接件组合件_13529946_D/84070111_A,,
Z161012051,2,P121010607,提拉杆连接件组合件_13529946_D/84070111_A,,
Z161012145,2,P121010607,提拉杆连接件组合件_13529946_D/84070111_A,,
Z161012165,2,P121010607,提拉杆连接件组合件_13529946_D/84070111_A,,
Z161012166,2,P121010607,提拉杆连接件组合件_13529946_D/84070111_A,,
Z161012167,2,P121010607,提拉杆连接件组合件_13529946_D/84070111_A,,
Z161012168,2,P121010607,提拉杆连接件组合件_13529946_D/84070111_A,,
Z161012171,2,P121010607,提拉杆连接件组合件_13529946_D/84070111_A,,
Z161012186,2,P121011624,提拉杆连接件组合件_C0050123_A/84070111_A,,
Z161261247,2,P121010652,提拉杆连接件组合件_F7507713_A/84070111_A,,
Z161261255,2,P121010653,提拉杆连接件组合件_F7507198_A/84070111_A,,
Z161263252,2,P121010654,提拉杆连接件组合件_F7518213_A/84070111_A,,
Z161263253,2,P121010657,提拉杆连接件组合件_F7535067_A/84070111_A,,
Z161263255,2,P121010655,提拉杆连接件组合件_F7532097_A/84070111_A,,
Z161263257,2,P121010115,提拉杆连接件组合件14506744_N_14506744_N/84070111_A/34070110_A,,
Z161263258,2,P121010655,提拉杆连接件组合件_F7532097_A/84070111_A,,
Z161263259,2,P121010658,提拉杆连接件组合件_F7535697_A/84070111_A,,
Z161263262,2,P121010656,提拉杆连接件组合件_F7535962_A/84070111_A,,
Z161263264,2,P121010113,提拉杆连接件组合件14506744_E_14506744_E/84070111_A/34070110_A,,
Z161263267,2,P121010114,提拉杆连接件组合件14506744_A_14506744_A/84070111_A/34070110_A,,
Z161263268,2,P121010113,提拉杆连接件组合件14506744_E_14506744_E/84070111_A/34070110_A,,
Z161263269,2,P121010660,提拉杆连接件组合件_F7551975_A/84070111_A,,
Z161263270,2,P121010660,提拉杆连接件组合件_F7551975_A/84070111_A,,
Z161263272,2,P121010114,提拉杆连接件组合件14506744_A_14506744_A/84070111_A/34070110_A,,
Z161263275,2,P121010659,提拉杆连接件组合件_F7552241_A/84070111_A,,
Z161263278,2,P121010661,提拉杆连接件组合件_F5511735_A/84070111_A,,
Z161263281,2,P121010652,提拉杆连接件组合件_F7507713_A/84070111_A,,
Z161263283,2,P121010662,提拉杆连接件组合件_F7566250_A/84070111_A,,
Z161263285,2,P121010307,提拉杆连接件组合件F7570266_A_F7570266_A/84070111_A/34070110_A,,
Z161263286,2,P121010118,提拉杆连接件组合件14506744_J_14506744_J/84070111_A/34070110_A,,
Z161263287,2,P121010653,提拉杆连接件组合件_F7507198_A/84070111_A,,
Z161263289,2,P121010653,提拉杆连接件组合件_F7507198_A/84070111_A,,
Z161263294,2,P121010114,提拉杆连接件组合件14506744_A_14506744_A/84070111_A/34070110_A,,
Z161263295,2,P121010663,提拉杆连接件组合件_F7584350_A/84070111_A,,
Z161263296,2,P121010115,提拉杆连接件组合件14506744_N_14506744_N/84070111_A/34070110_A,,
Z161263298,2,P121010657,提拉杆连接件组合件_F7535067_A/84070111_A,,
Z161263299,2,P121010622,提拉杆连接件组合件_13515654_A/84070111_A,,
Z161263300,2,P121010654,提拉杆连接件组合件_F7518213_A/84070111_A,,
Z161263309,2,P121010654,提拉杆连接件组合件_F7518213_A/84070111_A,,
Z161263310,2,P121010658,提拉杆连接件组合件_F7535697_A/84070111_A,,
Z161263315,2,P121010656,提拉杆连接件组合件_F7535962_A/84070111_A,,
Z161263317,2,P121010668,提拉杆连接件组合件_F7609071_A/84070111_A,,
Z161263318,2,P121010654,提拉杆连接件组合件_F7518213_A/84070111_A,,
Z161263319,2,P121010121,提拉杆连接件组合件14506744_H_14506744_H/84070111_A/34070110_A,,
Z161263324,2,P121010307,提拉杆连接件组合件F7570266_A_F7570266_A/84070111_A/34070110_A,,
Z161263325,2,P121010657,提拉杆连接件组合件_F7535067_A/84070111_A,,
Z161263326,2,P121010662,提拉杆连接件组合件_F7566250_A/84070111_A,,
Z161263332,2,P121010118,提拉杆连接件组合件14506744_J_14506744_J/84070111_A/34070110_A,,
Z161263334,2,P121010658,提拉杆连接件组合件_F7535697_A/84070111_A,,
Z161263335,2,P121010661,提拉杆连接件组合件_F5511735_A/84070111_A,,
Z161263337,2,P121010652,提拉杆连接件组合件_F7507713_A/84070111_A,,
Z161263338,2,P121010652,提拉杆连接件组合件_F7507713_A/84070111_A,,
Z161263339,2,P121010658,提拉杆连接件组合件_F7535697_A/84070111_A,,
Z161263341,2,P121010120,提拉杆连接件组合件14506744_K_14506744_K/84070111_A/34070110_A,,
Z161263342,2,P121010656,提拉杆连接件组合件_F7535962_A/84070111_A,,
Z161263344,2,P121010666,提拉杆连接件组合件_F7713029_A/84070111_A,,
Z161263346,2,P121010113,提拉杆连接件组合件14506744_E_14506744_E/84070111_A/34070110_A,,
Z161263347,2,P121010116,提拉杆连接件组合件14506744_F_14506744_F/84070111_A/34070110_A,,
Z161263350,2,P121010120,提拉杆连接件组合件14506744_K_14506744_K/84070111_A/34070110_A,,
Z161263353,2,P121010661,提拉杆连接件组合件_F5511735_A/84070111_A,,
Z161263373,2,P121010662,提拉杆连接件组合件_F7566250_A/84070111_A,,
Z161263374,2,P121010662,提拉杆连接件组合件_F7566250_A/84070111_A,,
Z161263375,2,P121010118,提拉杆连接件组合件14506744_J_14506744_J/84070111_A/34070110_A,,
Z161263379,2,P121010678,提拉杆连接件组合件_F7904220_A/84070111_A,,
Z161263380,2,P121010666,提拉杆连接件组合件_F7713029_A/84070111_A,,
Z161263382,2,P121010652,提拉杆连接件组合件_F7507713_A/84070111_A,,
Z161263392,2,P121010120,提拉杆连接件组合件14506744_K_14506744_K/84070111_A/34070110_A,,
Z161263398,2,P121010679,提拉杆连接件组合件_W4551299_A/84070111_A,,
Z161263400,2,P121010113,提拉杆连接件组合件14506744_E_14506744_E/84070111_A/34070110_A,,
Z161263401,2,P121010117,提拉杆连接件组合件14506744_C_14506744_C/84070111_A/34070110_A,,
Z161263402,2,P121010116,提拉杆连接件组合件14506744_F_14506744_F/84070111_A/34070110_A,,
Z161263404,2,P121010679,提拉杆连接件组合件_W4551299_A/84070111_A,,
Z161263406,2,P121010118,提拉杆连接件组合件14506744_J_14506744_J/84070111_A/34070110_A,,
Z161263407,2,P121010654,提拉杆连接件组合件_F7518213_A/84070111_A,,
Z161263408,2,P121010120,提拉杆连接件组合件14506744_K_14506744_K/84070111_A/34070110_A,,
Z161263410,2,P121010677,提拉杆连接件组合件_F8039533_A/84070111_A,,
Z161263421,2,P121010661,提拉杆连接件组合件_F5511735_A/84070111_A,,
Z161263422,2,P121010664,提拉杆连接件组合件_F7605210_A/84070111_A,,
Z161263430,2,P121010677,提拉杆连接件组合件_F8039533_A/84070111_A,,
Z161263432,2,P121010671,提拉杆连接件组合件_F5515277_A/84070111_A,,
Z161263437,2,P121010654,提拉杆连接件组合件_F7518213_A/84070111_A,,
Z161263439,2,P121010653,提拉杆连接件组合件_F7507198_A/84070111_A,,
Z161263442,2,P121010656,提拉杆连接件组合件_F7535962_A/84070111_A,,
Z161263447,2,P121010654,提拉杆连接件组合件_F7518213_A/84070111_A,,
Z161263465,2,P121010112,提拉杆连接件组合件14506744_M_14506744_M/84070111_A/34070110_A,,
Z161263481,2,P121010680,提拉杆连接件组合件_F7733955_A/84070111_A,,
Z161263482,2,P121010665,提拉杆连接件组合件_F7801922_A/84070111_A,,
Z161263493,2,P121010669,提拉杆连接件组合件_F7917000_A/84070111_A,,
Z161263518,2,P121010120,提拉杆连接件组合件14506744_K_14506744_K/84070111_A/34070110_A,,
Z161263519,2,P121010114,提拉杆连接件组合件14506744_A_14506744_A/84070111_A/34070110_A,,
Z161263522,2,P121010113,提拉杆连接件组合件14506744_E_14506744_E/84070111_A/34070110_A,,
Z161263534,2,P121010307,提拉杆连接件组合件F7570266_A_F7570266_A/84070111_A/34070110_A,,
Z161263535,2,P121010120,提拉杆连接件组合件14506744_K_14506744_K/84070111_A/34070110_A,,
Z161263536,2,P121010118,提拉杆连接件组合件14506744_J_14506744_J/84070111_A/34070110_A,,
Z161263539,2,P121010656,提拉杆连接件组合件_F7535962_A/84070111_A,,
Z161263545,2,P121010661,提拉杆连接件组合件_F5511735_A/84070111_A,,
Z161263547,2,P121010113,提拉杆连接件组合件14506744_E_14506744_E/84070111_A/34070110_A,,
Z161263548,2,P121010666,提拉杆连接件组合件_F7713029_A/84070111_A,,
Z161263549,2,P121010677,提拉杆连接件组合件_F8039533_A/84070111_A,,
Z161263550,2,P121010652,提拉杆连接件组合件_F7507713_A/84070111_A,,
Z161263551,2,P121010662,提拉杆连接件组合件_F7566250_A/84070111_A,,
Z161263556,2,P121010652,提拉杆连接件组合件_F7507713_A/84070111_A,,
Z161263564,2,P121010118,提拉杆连接件组合件14506744_J_14506744_J/84070111_A/34070110_A,,
Z161263565,2,P121010657,提拉杆连接件组合件_F7535067_A/84070111_A,,
Z161263569,2,P121010307,提拉杆连接件组合件F7570266_A_F7570266_A/84070111_A/34070110_A,,
Z161263570,2,P121010652,提拉杆连接件组合件_F7507713_A/84070111_A,,
Z161263571,2,P121010120,提拉杆连接件组合件14506744_K_14506744_K/84070111_A/34070110_A,,
Z161263575,2,P121010662,提拉杆连接件组合件_F7566250_A/84070111_A,,
Z161263576,2,P121010657,提拉杆连接件组合件_F7535067_A/84070111_A,,
Z161263582,2,P121010116,提拉杆连接件组合件14506744_F_14506744_F/84070111_A/34070110_A,,
Z161263583,2,P121010114,提拉杆连接件组合件14506744_A_14506744_A/84070111_A/34070110_A,,
Z161263604,2,P121010114,提拉杆连接件组合件14506744_A_14506744_A/84070111_A/34070110_A,,
Z161263606,2,P121010664,提拉杆连接件组合件_F7605210_A/84070111_A,,
Z161263617,2,P121010653,提拉杆连接件组合件_F7507198_A/84070111_A,,
Z161263619,2,P121010118,提拉杆连接件组合件14506744_J_14506744_J/84070111_A/34070110_A,,
Z161263627,2,P121010117,提拉杆连接件组合件14506744_C_14506744_C/84070111_A/34070110_A,,
Z161263632,2,P121010663,提拉杆连接件组合件_F7584350_A/84070111_A,,
Z161263634,2,P121010656,提拉杆连接件组合件_F7535962_A/84070111_A,,
Z161263638,2,P121010658,提拉杆连接件组合件_F7535697_A/84070111_A,,
Z161263641,2,P121010656,提拉杆连接件组合件_F7535962_A/84070111_A,,
Z161263657,2,P121010653,提拉杆连接件组合件_F7507198_A/84070111_A,,
Z161263667,2,P121010115,提拉杆连接件组合件14506744_N_14506744_N/84070111_A/34070110_A,,
Z161263672,2,P121010667,提拉杆连接件组合件_F7780996_A/84070111_A,,
Z161263673,2,P121010118,提拉杆连接件组合件14506744_J_14506744_J/84070111_A/34070110_A,,
Z161263680,2,P121010662,提拉杆连接件组合件_F7566250_A/84070111_A,,
Z161263692,2,P121010652,提拉杆连接件组合件_F7507713_A/84070111_A,,
Z161263697,2,P121010114,提拉杆连接件组合件14506744_A_14506744_A/84070111_A/34070110_A,,
Z161263702,2,P121010656,提拉杆连接件组合件_F7535962_A/84070111_A,,
Z161263707,2,P121010654,提拉杆连接件组合件_F7518213_A/84070111_A,,
Z161263712,2,P121010116,提拉杆连接件组合件14506744_F_14506744_F/84070111_A/34070110_A,,
Z161263721,2,P121010119,提拉杆连接件组合件14506744_G_14506744_G/84070111_A/34070110_A,,
Z161263730,2,P121010664,提拉杆连接件组合件_F7605210_A/84070111_A,,
Z161263731,2,P121010670,提拉杆连接件组合件_F7900615_A/84070111_A,,
Z161263732,2,P121010118,提拉杆连接件组合件14506744_J_14506744_J/84070111_A/34070110_A,,
Z161263737,2,P121010671,提拉杆连接件组合件_F5515277_A/84070111_A,,
Z161263740,2,P121010120,提拉杆连接件组合件14506744_K_14506744_K/84070111_A/34070110_A,,
Z161263747,2,P121010652,提拉杆连接件组合件_F7507713_A/84070111_A,,
Z161263751,2,P121010120,提拉杆连接件组合件14506744_K_14506744_K/84070111_A/34070110_A,,
Z161263753,2,P121010667,提拉杆连接件组合件_F7780996_A/84070111_A,,
Z161263754,2,P121010662,提拉杆连接件组合件_F7566250_A/84070111_A,,
Z161263755,2,P121010662,提拉杆连接件组合件_F7566250_A/84070111_A,,
Z161263762,2,P121010119,提拉杆连接件组合件14506744_G_14506744_G/84070111_A/34070110_A,,
Z161263763,2,P121010661,提拉杆连接件组合件_F5511735_A/84070111_A,,
Z161263765,2,P121010307,提拉杆连接件组合件F7570266_A_F7570266_A/84070111_A/34070110_A,,
Z161263766,2,P121010661,提拉杆连接件组合件_F5511735_A/84070111_A,,
Z161263767,2,P121010664,提拉杆连接件组合件_F7605210_A/84070111_A,,
Z161263768,2,P121010653,提拉杆连接件组合件_F7507198_A/84070111_A,,
Z161263773,2,P121010307,提拉杆连接件组合件F7570266_A_F7570266_A/84070111_A/34070110_A,,
Z161263775,2,P121010667,提拉杆连接件组合件_F7780996_A/84070111_A,,
Z161263779,2,P121010652,提拉杆连接件组合件_F7507713_A/84070111_A,,
Z161263782,2,P121010669,提拉杆连接件组合件_F7917000_A/84070111_A,,
Z161263786,2,P121010121,提拉杆连接件组合件14506744_H_14506744_H/84070111_A/34070110_A,,
Z161263792,2,P121010671,提拉杆连接件组合件_F5515277_A/84070111_A,,
Z161263805,2,P121010656,提拉杆连接件组合件_F7535962_A/84070111_A,,
Z161263806,2,P121010114,提拉杆连接件组合件14506744_A_14506744_A/84070111_A/34070110_A,,
Z161263821,2,P121010117,提拉杆连接件组合件14506744_C_14506744_C/84070111_A/34070110_A,,
Z161263822,2,P121010658,提拉杆连接件组合件_F7535697_A/84070111_A,,
Z161263823,2,P121010674,提拉杆连接件组合件_F5518413_A/84070111_A,,
Z161263824,2,P121010654,提拉杆连接件组合件_F7518213_A/84070111_A,,
Z161263828,2,P121010670,提拉杆连接件组合件_F7900615_A/84070111_A,,
Z161263829,2,P121010673,提拉杆连接件组合件_F8205558_A/84070111_A,,
Z161263830,2,P121010671,提拉杆连接件组合件_F5515277_A/84070111_A,,
Z161263831,2,P121010656,提拉杆连接件组合件_F7535962_A/84070111_A,,
Z161263832,2,P121010675,提拉杆连接件组合件_F5517009_A/84070111_A,,
Z161263836,2,P121010653,提拉杆连接件组合件_F7507198_A/84070111_A,,
Z161263838,2,P121010672,提拉杆连接件组合件_14506744_B/84070111_A,,
Z161263850,2,P121010121,提拉杆连接件组合件14506744_H_14506744_H/84070111_A/34070110_A,,
Z161263860,2,P121010631,提拉杆连接件组合件_W4506957_A/84070111_A,,
Z161263865,2,P121010121,提拉杆连接件组合件14506744_H_14506744_H/84070111_A/34070110_A,,
Z161263872,2,P121010113,提拉杆连接件组合件14506744_E_14506744_E/84070111_A/34070110_A,,
Z161263873,2,P121010676,提拉杆连接件组合件_F7554759_A/84070111_A,,
Z161263875,2,P121010671,提拉杆连接件组合件_F5515277_A/84070111_A,,
Z161263881,2,P121010607,提拉杆连接件组合件_13529946_D/84070111_A,,
Z161263882,2,P121010677,提拉杆连接件组合件_F8039533_A/84070111_A,,
Z161263884,2,P121010670,提拉杆连接件组合件_F7900615_A/84070111_A,,
Z161263898,2,P121010120,提拉杆连接件组合件14506744_K_14506744_K/84070111_A/34070110_A,,
Z161263902,2,P121010607,提拉杆连接件组合件_13529946_D/84070111_A,,
Z161263904,2,P121010606,提拉杆连接件组合件_13529946_C/84070111_A,,
Z161263913,2,P121010113,提拉杆连接件组合件14506744_E_14506744_E/84070111_A/34070110_A,,
Z161263917,2,P121010610,提拉杆连接件组合件_13529946_F/84070111_A,,
Z161263919,2,P121010072,提拉杆连接件组合件_23500454_A/84070111_A/34070110_A,,
Z161263926,2,P121010659,提拉杆连接件组合件_F7552241_A/84070111_A,,
Z161263927,2,P121010652,提拉杆连接件组合件_F7507713_A/84070111_A,,
Z161263928,2,P121010661,提拉杆连接件组合件_F5511735_A/84070111_A,,
Z161263931,2,P121010610,提拉杆连接件组合件_13529946_F/84070111_A,,
Z161263932,2,P121010661,提拉杆连接件组合件_F5511735_A/84070111_A,,
Z161263933,2,P121010121,提拉杆连接件组合件14506744_H_14506744_H/84070111_A/34070110_A,,
Z161263945,2,P121010116,提拉杆连接件组合件14506744_F_14506744_F/84070111_A/34070110_A,,
Z161263952,2,P121010659,提拉杆连接件组合件_F7552241_A/84070111_A,,
Z161263961,2,P121010607,提拉杆连接件组合件_13529946_D/84070111_A,,
Z161263963,2,P121010606,提拉杆连接件组合件_13529946_C/84070111_A,,
Z161263978,2,P121010666,提拉杆连接件组合件_F7713029_A/84070111_A,,
Z161263989,2,P121010118,提拉杆连接件组合件14506744_J_14506744_J/84070111_A/34070110_A,,
Z161263990,2,P121010662,提拉杆连接件组合件_F7566250_A/84070111_A,,
Z161263991,2,P121010614,提拉杆连接件组合件_13529946_B/84070111_A,,
Z161263995,2,P121010677,提拉杆连接件组合件_F8039533_A/84070111_A,,
Z161263999,2,P121010609,提拉杆连接件组合件_13529946_E/84070111_A,,
Z161264000,2,P121010606,提拉杆连接件组合件_13529946_C/84070111_A,,
Z161264010,2,P121010670,提拉杆连接件组合件_F7900615_A/84070111_A,,
Z161264017,2,P121010613,提拉杆连接件组合件_13529946_H/84070111_A,,
Z161264028,2,P121010606,提拉杆连接件组合件_13529946_C/84070111_A,,
Z161264029,2,P121010677,提拉杆连接件组合件_F8039533_A/84070111_A,,
Z161264036,2,P121010121,提拉杆连接件组合件14506744_H_14506744_H/84070111_A/34070110_A,,
Z161264042,2,P121010663,提拉杆连接件组合件_F7584350_A/84070111_A,,
Z161264043,2,P121010606,提拉杆连接件组合件_13529946_C/84070111_A,,
Z161264047,2,P121010608,提拉杆连接件组合件_13529946_A/84070111_A,,
Z161264056,2,P121010116,提拉杆连接件组合件14506744_F_14506744_F/84070111_A/34070110_A,,
Z161264060,2,P121010656,提拉杆连接件组合件_F7535962_A/84070111_A,,
Z161264071,2,P121010613,提拉杆连接件组合件_13529946_H/84070111_A,,
Z161264074,2,P121010611,提拉杆连接件组合件_13529946_G/84070111_A,,
Z161264076,2,P121010656,提拉杆连接件组合件_F7535962_A/84070111_A,,
Z161264077,2,P121010617,提拉杆连接件组合件_F8822381_A/84070111_A,,
Z161264084,2,P121010119,提拉杆连接件组合件14506744_G_14506744_G/84070111_A/34070110_A,,
Z161264092,2,P121010670,提拉杆连接件组合件_F7900615_A/84070111_A,,
Z161264093,2,P121010611,提拉杆连接件组合件_13529946_G/84070111_A,,
Z161264097,2,P121010608,提拉杆连接件组合件_13529946_A/84070111_A,,
Z161264098,2,P121010606,提拉杆连接件组合件_13529946_C/84070111_A,,
Z161264108,2,P121010608,提拉杆连接件组合件_13529946_A/84070111_A,,
Z161264109,2,P121010675,提拉杆连接件组合件_F5517009_A/84070111_A,,
Z161264110,2,P121010607,提拉杆连接件组合件_13529946_D/84070111_A,,
Z161264128,2,P121010607,提拉杆连接件组合件_13529946_D/84070111_A,,
Z161264129,2,P121010607,提拉杆连接件组合件_13529946_D/84070111_A,,
Z161264143,2,P121010607,提拉杆连接件组合件_13529946_D/84070111_A,,
Z161264144,2,P121010617,提拉杆连接件组合件_F8822381_A/84070111_A,,
Z161264146,2,P121010617,提拉杆连接件组合件_F8822381_A/84070111_A,,
Z161264151,2,P121010307,提拉杆连接件组合件F7570266_A_F7570266_A/84070111_A/34070110_A,,
Z161264155,2,P121010802,提拉杆连接件组合件_F8874745_A/84070111_A,,
Z161264174,2,P121010610,提拉杆连接件组合件_13529946_F/84070111_A,,
Z161264175,2,P121010610,提拉杆连接件组合件_13529946_F/84070111_A,,
Z161264179,2,P121010652,提拉杆连接件组合件_F7507713_A/84070111_A,,
Z161264185,2,P121010607,提拉杆连接件组合件_13529946_D/84070111_A,,
Z161264187,2,P121010606,提拉杆连接件组合件_13529946_C/84070111_A,,
Z161264189,2,P121010607,提拉杆连接件组合件_13529946_D/84070111_A,,
Z161264194,2,P121010767,提拉杆连接件组合件_F8890263_A/84070111_A,,
Z161264199,2,P121010613,提拉杆连接件组合件_13529946_H/84070111_A,,
Z161264202,2,P121010681,提拉杆连接件组合件_W4607306_A/84070111_A,,
Z161264203,2,P121010610,提拉杆连接件组合件_13529946_F/84070111_A,,
Z161264204,2,P121010668,提拉杆连接件组合件_F7609071_A/84070111_A,,
Z161264208,2,P121010675,提拉杆连接件组合件_F5517009_A/84070111_A,,
Z161264209,2,P121010116,提拉杆连接件组合件14506744_F_14506744_F/84070111_A/34070110_A,,
Z161264212,2,P121010614,提拉杆连接件组合件_13529946_B/84070111_A,,
Z161264216,2,P121010608,提拉杆连接件组合件_13529946_A/84070111_A,,
Z161264219,2,P121010689,提拉杆连接件组合件_W4606932_A/84070111_A,,
Z161264220,2,P121010615,提拉杆连接件组合件_W4607758_A/84070111_A,,
Z161264223,2,P121010609,提拉杆连接件组合件_13529946_E/84070111_A,,
Z161264227,2,P121010606,提拉杆连接件组合件_13529946_C/84070111_A,,
Z161264228,2,P121010616,提拉杆连接件组合件_W4608325_A/84070111_A,,
Z161264233,2,P121010606,提拉杆连接件组合件_13529946_C/84070111_A,,
Z161264239,2,P121010113,提拉杆连接件组合件14506744_E_14506744_E/84070111_A/34070110_A,,
Z161264241,2,P121010114,提拉杆连接件组合件14506744_A_14506744_A/84070111_A/34070110_A,,
Z161264243,2,P121010664,提拉杆连接件组合件_F7605210_A/84070111_A,,
Z161264244,2,P121010118,提拉杆连接件组合件14506744_J_14506744_J/84070111_A/34070110_A,,
Z161264260,2,P121010661,提拉杆连接件组合件_F5511735_A/84070111_A,,
Z161264261,2,P121010120,提拉杆连接件组合件14506744_K_14506744_K/84070111_A/34070110_A,,
Z161264285,2,P121010666,提拉杆连接件组合件_F7713029_A/84070111_A,,
Z161264288,2,P121010629,提拉杆连接件组合件_13515660_A/84070111_A,,
Z161264289,2,P121010618,提拉杆连接件组合件_F8860381_A/84070111_A,,
Z161264291,2,P121010618,提拉杆连接件组合件_F8860381_A/84070111_A,,
Z161264301,2,P121010118,提拉杆连接件组合件14506744_J_14506744_J/84070111_A/34070110_A,,
Z161264306,2,P121010606,提拉杆连接件组合件_13529946_C/84070111_A,,
Z161264308,2,P121010612,提拉杆连接件组合件_F8926437_A/84070111_A,,
Z161264313,2,P121010652,提拉杆连接件组合件_F7507713_A/84070111_A,,
Z161264315,2,P121010614,提拉杆连接件组合件_13529946_B/84070111_A,,
Z161264319,2,P121010658,提拉杆连接件组合件_F7535697_A/84070111_A,,
Z161264329,2,P121010612,提拉杆连接件组合件_F8926437_A/84070111_A,,
Z161264330,2,P121010653,提拉杆连接件组合件_F7507198_A/84070111_A,,
Z161264331,2,P121010653,提拉杆连接件组合件_F7507198_A/84070111_A,,
Z161264340,2,P121010652,提拉杆连接件组合件_F7507713_A/84070111_A,,
Z161264345,2,P121010120,提拉杆连接件组合件14506744_K_14506744_K/84070111_A/34070110_A,,
Z161264350,2,P121010116,提拉杆连接件组合件14506744_F_14506744_F/84070111_A/34070110_A,,
Z161264353,2,P121010118,提拉杆连接件组合件14506744_J_14506744_J/84070111_A/34070110_A,,
Z161264354,2,P121010120,提拉杆连接件组合件14506744_K_14506744_K/84070111_A/34070110_A,,
Z161264357,2,P121010676,提拉杆连接件组合件_F7554759_A/84070111_A,,
Z161264361,2,P121010656,提拉杆连接件组合件_F7535962_A/84070111_A,,
Z161264368,2,P121010307,提拉杆连接件组合件F7570266_A_F7570266_A/84070111_A/34070110_A,,
Z161264379,2,P121010118,提拉杆连接件组合件14506744_J_14506744_J/84070111_A/34070110_A,,
Z161264383,2,P121010113,提拉杆连接件组合件14506744_E_14506744_E/84070111_A/34070110_A,,
Z161264384,2,P121010307,提拉杆连接件组合件F7570266_A_F7570266_A/84070111_A/34070110_A,,
Z161264385,2,P121010609,提拉杆连接件组合件_13529946_E/84070111_A,,
Z161264390,2,P121010618,提拉杆连接件组合件_F8860381_A/84070111_A,,
Z161264398,2,P121010661,提拉杆连接件组合件_F5511735_A/84070111_A,,
Z161264405,2,P121010670,提拉杆连接件组合件_F7900615_A/84070111_A,,
Z161264412,2,P121010698,提拉杆连接件组合件_W4613878_A/84070111_A,,
Z161264419,2,P121010652,提拉杆连接件组合件_F7507713_A/84070111_A,,
Z161264429,2,P121010675,提拉杆连接件组合件_F5517009_A/84070111_A,,
Z161264436,2,P121010766,提拉杆连接件组合件_F8981170_A/84070111_A,,
Z161264442,2,P121010608,提拉杆连接件组合件_13529946_A/84070111_A,,
Z161264444,2,P121010611,提拉杆连接件组合件_13529946_G/84070111_A,,
Z161264445,2,P121010606,提拉杆连接件组合件_13529946_C/84070111_A,,
Z161264464,2,P121010119,提拉杆连接件组合件14506744_G_14506744_G/84070111_A/34070110_A,,
Z161264469,2,P121010763,提拉杆连接件组合件_F9000621_A/84070111_A,,
Z161264478,2,P121010606,提拉杆连接件组合件_13529946_C/84070111_A,,
Z161264488,2,P121010773,提拉杆连接件组合件F8925534_A_F8925534_A/84070111_A/34070110_A,,
Z161264492,2,P121010114,提拉杆连接件组合件14506744_A_14506744_A/84070111_A/34070110_A,,
Z161264500,2,P121010606,提拉杆连接件组合件_13529946_C/84070111_A,,
Z161264501,2,P121010606,提拉杆连接件组合件_13529946_C/84070111_A,,
Z161264502,2,P121010606,提拉杆连接件组合件_13529946_C/84070111_A,,
Z161264503,2,P121010666,提拉杆连接件组合件_F7713029_A/84070111_A,,
Z161264509,2,P121010609,提拉杆连接件组合件_13529946_E/84070111_A,,
Z161264512,2,P121010607,提拉杆连接件组合件_13529946_D/84070111_A,,
Z161264526,2,P121010806,提拉杆连接件组合件_W4619802_A/84070111_A,,
Z161264527,2,P121010775,提拉杆连接件组合件_F9022812_A/84070111_A,,
Z161264530,2,P121010121,提拉杆连接件组合件14506744_H_14506744_H/84070111_A/34070110_A,,
Z161264532,2,P121010607,提拉杆连接件组合件_13529946_D/84070111_A,,
Z161264542,2,P121010777,提拉杆连接件组合件_F9059445_A/84070111_A,,
Z161264544,2,P121010613,提拉杆连接件组合件_13529946_H/84070111_A,,
Z161264548,2,P121010607,提拉杆连接件组合件_13529946_D/84070111_A,,
Z161264551,2,P121010614,提拉杆连接件组合件_13529946_B/84070111_A,,
Z161264553,2,P121010618,提拉杆连接件组合件_F8860381_A/84070111_A,,
Z161264556,2,P121010607,提拉杆连接件组合件_13529946_D/84070111_A,,
Z161264558,2,P121010606,提拉杆连接件组合件_13529946_C/84070111_A,,
Z161264563,2,P121010779,提拉杆连接件组合件_F9075298_A/84070111_A,,
Z161264564,2,P121010610,提拉杆连接件组合件_13529946_F/84070111_A,,
Z161264565,2,P121010610,提拉杆连接件组合件_13529946_F/84070111_A,,
Z161264567,2,P121010614,提拉杆连接件组合件_13529946_B/84070111_A,,
Z161264568,2,P121010672,提拉杆连接件组合件_14506744_B/84070111_A,,
Z161264570,2,P121010780,提拉杆连接件组合件_F9079512_A/84070111_A,,
Z161264571,2,P121010618,提拉杆连接件组合件_F8860381_A/84070111_A,,
Z161264581,2,P121010786,提拉杆连接件组合件_W4622793_A/84070111_A,,
Z161264582,2,P121010617,提拉杆连接件组合件_F8822381_A/84070111_A,,
Z161264590,2,P121010787,提拉杆连接件组合件_W4603116_A/84070111_A,,
Z161264594,2,P121010767,提拉杆连接件组合件_F8890263_A/84070111_A,,
Z161264603,2,P121010607,提拉杆连接件组合件_13529946_D/84070111_A,,
Z161264609,2,P121010606,提拉杆连接件组合件_13529946_C/84070111_A,,
Z161264625,2,P121010606,提拉杆连接件组合件_13529946_C/84070111_A,,
Z161264627,2,P121010606,提拉杆连接件组合件_13529946_C/84070111_A,,
Z161264650,2,P121010609,提拉杆连接件组合件_13529946_E/84070111_A,,
Z161264664,2,P121010610,提拉杆连接件组合件_13529946_F/84070111_A,,
Z161264668,2,P121010607,提拉杆连接件组合件_13529946_D/84070111_A,,
Z161264685,2,P121010608,提拉杆连接件组合件_13529946_A/84070111_A,,
Z161264691,2,P121010773,提拉杆连接件组合件F8925534_A_F8925534_A/84070111_A/34070110_A,,
Z161264699,2,P121010607,提拉杆连接件组合件_13529946_D/84070111_A,,
Z161264716,2,P121010658,提拉杆连接件组合件_F7535697_A/84070111_A,,
Z161264717,2,P121010836,提拉杆连接件组合件_W4629626_A/84070111_A,,
Z161264724,2,P121010606,提拉杆连接件组合件_13529946_C/84070111_A,,
Z161264725,2,P121010607,提拉杆连接件组合件_13529946_D/84070111_A,,
Z161264726,2,P121010607,提拉杆连接件组合件_13529946_D/84070111_A,,
Z161264728,2,P121010607,提拉杆连接件组合件_13529946_D/84070111_A,,
Z161264729,2,P121010607,提拉杆连接件组合件_13529946_D/84070111_A,,
Z161264736,2,P121010610,提拉杆连接件组合件_13529946_F/84070111_A,,
Z161264755,2,P121010920,提拉杆连接件组合件_F9215167_A/84070111_A,,
Z161264759,2,P121010607,提拉杆连接件组合件_13529946_D/84070111_A,,
Z161264781,2,P121010607,提拉杆连接件组合件_13529946_D/84070111_A,,
Z161264782,2,P121010607,提拉杆连接件组合件_13529946_D/84070111_A,,
Z161264783,2,P121010606,提拉杆连接件组合件_13529946_C/84070111_A,,
Z161264784,2,P121010610,提拉杆连接件组合件_13529946_F/84070111_A,,
Z161264785,2,P121010613,提拉杆连接件组合件_13529946_H/84070111_A,,
Z161264786,2,P121010610,提拉杆连接件组合件_13529946_F/84070111_A,,
Z161264788,2,P121010613,提拉杆连接件组合件_13529946_H/84070111_A,,
Z161264824,2,P121010662,提拉杆连接件组合件_F7566250_A/84070111_A,,
Z161264832,2,P121010961,提拉杆连接件组合件_W4633952_A/84070111_A,,
Z161264842,2,P121010974,提拉杆连接件组合件_F9276995_A/84070111_A/34070110_A,,
Z161264843,2,P121010652,提拉杆连接件组合件_F7507713_A/84070111_A,,
Z161264854,2,P121010610,提拉杆连接件组合件_13529946_F/84070111_A,,
Z161264856,2,P121010607,提拉杆连接件组合件_13529946_D/84070111_A,,
Z161264882,2,P121010607,提拉杆连接件组合件_13529946_D/84070111_A,,
Z161264886,2,P121010606,提拉杆连接件组合件_13529946_C/84070111_A,,
Z161264915,2,P121010617,提拉杆连接件组合件_F8822381_A/84070111_A,,
Z161264918,2,P121011113,提拉杆连接件组合件_F9123948_A/84070111_A,,
Z161264920,2,P121010617,提拉杆连接件组合件_F8822381_A/84070111_A,,
Z161264921,2,P121011114,提拉杆连接件组合件_F8827832_A/84070111_A,,
Z161264942,2,P121010610,提拉杆连接件组合件_13529946_F/84070111_A,,
Z161264980,2,P121010607,提拉杆连接件组合件_13529946_D/84070111_A,,
Z161264995,2,P121010606,提拉杆连接件组合件_13529946_C/84070111_A,,
Z161264996,2,P121010607,提拉杆连接件组合件_13529946_D/84070111_A,,
Z161264997,2,P121010610,提拉杆连接件组合件_13529946_F/84070111_A,,
Z161264998,2,P121010606,提拉杆连接件组合件_13529946_C/84070111_A,,
Z161265004,2,P121010609,提拉杆连接件组合件_13529946_E/84070111_A,,
Z161265006,2,P121010606,提拉杆连接件组合件_13529946_C/84070111_A,,
Z161265007,2,P121010617,提拉杆连接件组合件_F8822381_A/84070111_A,,
Z161265008,2,P121010610,提拉杆连接件组合件_13529946_F/84070111_A,,
Z161265012,2,P121010767,提拉杆连接件组合件_F8890263_A/84070111_A,,
Z161265013,2,P121010767,提拉杆连接件组合件_F8890263_A/84070111_A,,
Z161265015,2,P121010610,提拉杆连接件组合件_13529946_F/84070111_A,,
Z161265017,2,P121010613,提拉杆连接件组合件_13529946_H/84070111_A,,
Z161265019,2,P121010609,提拉杆连接件组合件_13529946_E/84070111_A,,
Z161265020,2,P121010607,提拉杆连接件组合件_13529946_D/84070111_A,,
Z161265022,2,P121010617,提拉杆连接件组合件_F8822381_A/84070111_A,,
Z161265027,2,P121010607,提拉杆连接件组合件_13529946_D/84070111_A,,
Z161265028,2,P121010608,提拉杆连接件组合件_13529946_A/84070111_A,,
Z161265029,2,P121010607,提拉杆连接件组合件_13529946_D/84070111_A,,
Z161265039,2,P121010613,提拉杆连接件组合件_13529946_H/84070111_A,,
Z161265046,2,P121010606,提拉杆连接件组合件_13529946_C/84070111_A,,
Z161265050,2,P121010606,提拉杆连接件组合件_13529946_C/84070111_A,,
Z161265056,2,P121010611,提拉杆连接件组合件_13529946_G/84070111_A,,
Z161265062,2,P121010608,提拉杆连接件组合件_13529946_A/84070111_A,,
Z161265064,2,P121011757,提拉杆连接件组合件_C0050123_B/84070111_A,,
Z161265065,2,P121010607,提拉杆连接件组合件_13529946_D/84070111_A,,
Z161265067,2,P121010613,提拉杆连接件组合件_13529946_H/84070111_A,,
Z161265072,2,P121010609,提拉杆连接件组合件_13529946_E/84070111_A,,
Z161265075,2,P121010613,提拉杆连接件组合件_13529946_H/84070111_A,,
Z161265076,2,P121010766,提拉杆连接件组合件_F8981170_A/84070111_A,,
Z161265077,2,P121010612,提拉杆连接件组合件_F8926437_A/84070111_A,,
Z161265079,2,P121010606,提拉杆连接件组合件_13529946_C/84070111_A,,
Z161265082,2,P121010609,提拉杆连接件组合件_13529946_E/84070111_A,,
Z161265083,2,P121010617,提拉杆连接件组合件_F8822381_A/84070111_A,,
Z161265092,2,P121011757,提拉杆连接件组合件_C0050123_B/84070111_A,,
Z161265095,2,P121010606,提拉杆连接件组合件_13529946_C/84070111_A,,
Z161265098,2,P121010606,提拉杆连接件组合件_13529946_C/84070111_A,,
Z161265101,2,P121010618,提拉杆连接件组合件_F8860381_A/84070111_A,,
Z161265108,2,P121010609,提拉杆连接件组合件_13529946_E/84070111_A,,
Z161265115,2,P121010675,提拉杆连接件组合件_F5517009_A/84070111_A,,
Z161265118,2,P121010610,提拉杆连接件组合件_13529946_F/84070111_A,,
Z161265119,2,P121010606,提拉杆连接件组合件_13529946_C/84070111_A,,
Z161265120,2,P121010773,提拉杆连接件组合件F8925534_A_F8925534_A/84070111_A/34070110_A,,
Z161265122,2,P121010608,提拉杆连接件组合件_13529946_A/84070111_A,,
Z161265130,2,P121010607,提拉杆连接件组合件_13529946_D/84070111_A,,
Z161265131,2,P121010607,提拉杆连接件组合件_13529946_D/84070111_A,,
Z161265133,2,P121010606,提拉杆连接件组合件_13529946_C/84070111_A,,
Z161265135,2,P121010767,提拉杆连接件组合件_F8890263_A/84070111_A,,
Z161265142,2,P121010606,提拉杆连接件组合件_13529946_C/84070111_A,,
Z161265150,2,P121010618,提拉杆连接件组合件_F8860381_A/84070111_A,,
Z161265161,2,P121010773,提拉杆连接件组合件F8925534_A_F8925534_A/84070111_A/34070110_A,,
Z161265165,2,P121010611,提拉杆连接件组合件_13529946_G/84070111_A,,
Z161265166,2,P121010609,提拉杆连接件组合件_13529946_E/84070111_A,,
Z161265167,2,P121010610,提拉杆连接件组合件_13529946_F/84070111_A,,
Z161265182,2,P121010607,提拉杆连接件组合件_13529946_D/84070111_A,,
Z161265183,2,P121010606,提拉杆连接件组合件_13529946_C/84070111_A,,
Z161265187,2,P121010608,提拉杆连接件组合件_13529946_A/84070111_A,,
Z161265202,2,P121011624,提拉杆连接件组合件_C0050123_A/84070111_A,,
Z161265216,2,P121010610,提拉杆连接件组合件_13529946_F/84070111_A,,
Z161265218,2,P121010607,提拉杆连接件组合件_13529946_D/84070111_A,,
Z161265233,2,P121011113,提拉杆连接件组合件_F9123948_A/84070111_A,,
Z161265244,2,P121011624,提拉杆连接件组合件_C0050123_A/84070111_A,,
Z161265250,2,P121010608,提拉杆连接件组合件_13529946_A/84070111_A,,
Z161265268,2,P121011113,提拉杆连接件组合件_F9123948_A/84070111_A,,
Z161265272,2,P121011337,提拉杆连接件组合件_F8959443_A/84070111_A,,
Z161265275,2,P121010766,提拉杆连接件组合件_F8981170_A/84070111_A,,
Z161265285,2,P121011113,提拉杆连接件组合件_F9123948_A/84070111_A,,
Z161265286,2,P121010610,提拉杆连接件组合件_13529946_F/84070111_A,,
Z161265290,2,P121010618,提拉杆连接件组合件_F8860381_A/84070111_A,,
Z161265298,2,P121010607,提拉杆连接件组合件_13529946_D/84070111_A,,
Z161265304,2,P121010610,提拉杆连接件组合件_13529946_F/84070111_A,,
Z161265313,2,P121010606,提拉杆连接件组合件_13529946_C/84070111_A,,
Z161265314,2,P121010606,提拉杆连接件组合件_13529946_C/84070111_A,,
Z161265316,2,P121010607,提拉杆连接件组合件_13529946_D/84070111_A,,
Z161265317,2,P121010608,提拉杆连接件组合件_13529946_A/84070111_A,,
Z161265329,2,P121010610,提拉杆连接件组合件_13529946_F/84070111_A,,
Z161265332,2,P121010614,提拉杆连接件组合件_13529946_B/84070111_A,,
Z161265343,2,P121010610,提拉杆连接件组合件_13529946_F/84070111_A,,
Z161265344,2,P121010609,提拉杆连接件组合件_13529946_E/84070111_A,,
Z161265360,2,P121010606,提拉杆连接件组合件_13529946_C/84070111_A,,
Z161265365,2,P121010608,提拉杆连接件组合件_13529946_A/84070111_A,,
Z161265366,2,P121010607,提拉杆连接件组合件_13529946_D/84070111_A,,
Z161265376,2,P121010617,提拉杆连接件组合件_F8822381_A/84070111_A,,
Z161265381,2,P121010666,提拉杆连接件组合件_F7713029_A/84070111_A,,
Z161265401,2,P121011994,提拉杆连接件组合件_C0073381_D/84070111_A,,
Z161265402,2,P121010608,提拉杆连接件组合件_13529946_A/84070111_A,,
Z161265403,2,P121011744,提拉杆连接件组合件_C0073381_B/84070111_A,,
Z161265405,2,P121011749,提拉杆连接件组合件_C0073381_A/84070111_A,,
Z161265409,2,P121010613,提拉杆连接件组合件_13529946_H/84070111_A,,
Z161265410,2,P121010773,提拉杆连接件组合件F8925534_A_F8925534_A/84070111_A/34070110_A,,
Z161265411,2,P121011744,提拉杆连接件组合件_C0073381_B/84070111_A,,
Z161265412,2,P121011457,提拉杆连接件组合件W4663027_A_W4663027_A/84070111_A/34070110_A,,
Z161265413,2,P121010607,提拉杆连接件组合件_13529946_D/84070111_A,,
Z161265418,2,P121010607,提拉杆连接件组合件_13529946_D/84070111_A,,
Z161265420,2,P121010802,提拉杆连接件组合件_F8874745_A/84070111_A,,
Z161265436,2,P121011749,提拉杆连接件组合件_C0073381_A/84070111_A,,
Z161265444,2,P121011479,提拉杆连接件组合件_W4661046_A/84070111_A,,
Z161265445,2,P121010607,提拉杆连接件组合件_13529946_D/84070111_A,,
Z161265448,2,P121011948,提拉杆连接件组合件_C0073381_C/84070111_A,,
Z161265456,2,P121010613,提拉杆连接件组合件_13529946_H/84070111_A,,
Z161265460,2,P121011504,提拉杆连接件组合件_W4664879_A/84070111_A,,
Z161265462,2,P121011513,提拉杆连接件组合件_W4665874_A/84070111_A,,
Z161265463,2,P121010677,提拉杆连接件组合件_F8039533_A/84070111_A,,
Z161265464,2,P121010116,提拉杆连接件组合件14506744_F_14506744_F/84070111_A/34070110_A,,
Z161265467,2,P121011744,提拉杆连接件组合件_C0073381_B/84070111_A,,
Z161265483,2,P121010606,提拉杆连接件组合件_13529946_C/84070111_A,,
Z161265487,2,P121010607,提拉杆连接件组合件_13529946_D/84070111_A,,
Z161265500,2,P121010617,提拉杆连接件组合件_F8822381_A/84070111_A,,
Z161265509,2,P121010653,提拉杆连接件组合件_F7507198_A/84070111_A,,
Z161265510,2,P121010614,提拉杆连接件组合件_13529946_B/84070111_A,,
Z161265514,2,P121010614,提拉杆连接件组合件_13529946_B/84070111_A,,
Z161265515,2,P121010614,提拉杆连接件组合件_13529946_B/84070111_A,,
Z161265516,2,P121011749,提拉杆连接件组合件_C0073381_A/84070111_A,,
Z161265519,2,P121010773,提拉杆连接件组合件F8925534_A_F8925534_A/84070111_A/34070110_A,,
Z161265521,2,P121010611,提拉杆连接件组合件_13529946_G/84070111_A,,
Z161265522,2,P121011584,提拉杆连接件组合件_F9986259_A/84070111_A/34070110_A,,
Z161265525,2,P121010606,提拉杆连接件组合件_13529946_C/84070111_A,,
Z161265528,2,P121010606,提拉杆连接件组合件_13529946_C/84070111_A,,
Z161265536,2,P121010766,提拉杆连接件组合件_F8981170_A/84070111_A,,
Z161265545,2,P121011113,提拉杆连接件组合件_F9123948_A/84070111_A,,
Z161265547,2,P121010607,提拉杆连接件组合件_13529946_D/84070111_A,,
Z161265552,2,P121010617,提拉杆连接件组合件_F8822381_A/84070111_A,,
Z161265553,2,P121010610,提拉杆连接件组合件_13529946_F/84070111_A,,
Z161265555,2,P121011744,提拉杆连接件组合件_C0073381_B/84070111_A,,
Z161265576,2,P121010613,提拉杆连接件组合件_13529946_H/84070111_A,,
Z161265578,2,P121011622,提拉杆连接件组合件_FA069419_A/84070111_A,,
Z161265587,2,P121010607,提拉杆连接件组合件_13529946_D/84070111_A,,
Z161265588,2,P121010607,提拉杆连接件组合件_13529946_D/84070111_A,,
Z161265591,2,P121010606,提拉杆连接件组合件_13529946_C/84070111_A,,
Z161265594,2,P121010607,提拉杆连接件组合件_13529946_D/84070111_A,,
Z161265595,2,P121010607,提拉杆连接件组合件_13529946_D/84070111_A,,
Z161265601,2,P121010611,提拉杆连接件组合件_13529946_G/84070111_A,,
Z161265605,2,P121010607,提拉杆连接件组合件_13529946_D/84070111_A,,
Z161265608,2,P121010606,提拉杆连接件组合件_13529946_C/84070111_A,,
Z161265612,2,P121011622,提拉杆连接件组合件_FA069419_A/84070111_A,,
Z161265621,2,P121010607,提拉杆连接件组合件_13529946_D/84070111_A,,
Z161265624,2,P121010607,提拉杆连接件组合件_13529946_D/84070111_A,,
Z161265626,2,P121010610,提拉杆连接件组合件_13529946_F/84070111_A,,
Z161265628,2,P121010610,提拉杆连接件组合件_13529946_F/84070111_A,,
Z161265629,2,P121011948,提拉杆连接件组合件_C0073381_C/84070111_A,,
Z161265630,2,P121010610,提拉杆连接件组合件_13529946_F/84070111_A,,
Z161265631,2,P121010606,提拉杆连接件组合件_13529946_C/84070111_A,,
Z161265632,2,P121010777,提拉杆连接件组合件_F9059445_A/84070111_A,,
Z161265639,2,P121010618,提拉杆连接件组合件_F8860381_A/84070111_A,,
Z161265642,2,P121010609,提拉杆连接件组合件_13529946_E/84070111_A,,
Z161265646,2,P121010773,提拉杆连接件组合件F8925534_A_F8925534_A/84070111_A/34070110_A,,
Z161265662,2,P121011682,提拉杆连接件组合件_FA140217_A/84070111_A,,
Z161265668,2,P121010617,提拉杆连接件组合件_F8822381_A/84070111_A,,
Z161265674,2,P121010614,提拉杆连接件组合件_13529946_B/84070111_A,,
Z161265679,2,P121010606,提拉杆连接件组合件_13529946_C/84070111_A,,
Z161265682,2,P121011702,提拉杆连接件组合件_FA139475_A/84070111_A,,
Z161265689,2,P121010607,提拉杆连接件组合件_13529946_D/84070111_A,,
Z161265696,2,P121010607,提拉杆连接件组合件_13529946_D/84070111_A,,
Z161265700,2,P121010614,提拉杆连接件组合件_13529946_B/84070111_A,,
Z161265714,2,P121011717,提拉杆连接件组合件_W4680202_A/84070111_A,,
Z161265718,2,P121010607,提拉杆连接件组合件_13529946_D/84070111_A,,
Z161265725,2,P121010607,提拉杆连接件组合件_13529946_D/84070111_A,,
Z161265728,2,P121011726,提拉杆连接件组合件_W4616366_A/84070111_A,,
Z161265729,2,P121011726,提拉杆连接件组合件_W4616366_A/84070111_A,,
Z161265732,2,P121011749,提拉杆连接件组合件_C0073381_A/84070111_A,,
Z161265734,2,P121010610,提拉杆连接件组合件_13529946_F/84070111_A,,
Z161265738,2,P121011730,提拉杆连接件组合件_W4682223_A/84070111_A,,
Z161265739,2,P121011730,提拉杆连接件组合件_W4682223_A/84070111_A,,
Z161265745,2,P121010609,提拉杆连接件组合件_13529946_E/84070111_A,,
Z161265746,2,P121010606,提拉杆连接件组合件_13529946_C/84070111_A,,
Z161265747,2,P121010618,提拉杆连接件组合件_F8860381_A/84070111_A,,
Z161265751,2,P121010607,提拉杆连接件组合件_13529946_D/84070111_A,,
Z161265752,2,P121010610,提拉杆连接件组合件_13529946_F/84070111_A,,
Z161265753,2,P121010610,提拉杆连接件组合件_13529946_F/84070111_A,,
Z161265759,2,P121010607,提拉杆连接件组合件_13529946_D/84070111_A,,
Z161265760,2,P121010606,提拉杆连接件组合件_13529946_C/84070111_A,,
Z161265761,2,P121010610,提拉杆连接件组合件_13529946_F/84070111_A,,
Z161265762,2,P121010606,提拉杆连接件组合件_13529946_C/84070111_A,,
Z161265763,2,P121010607,提拉杆连接件组合件_13529946_D/84070111_A,,
Z161265764,2,P121010606,提拉杆连接件组合件_13529946_C/84070111_A,,
Z161265768,2,P121010607,提拉杆连接件组合件_13529946_D/84070111_A,,
Z161265770,2,P121010606,提拉杆连接件组合件_13529946_C/84070111_A,,
Z161265773,2,P121010607,提拉杆连接件组合件_13529946_D/84070111_A,,
Z161265774,2,P121010607,提拉杆连接件组合件_13529946_D/84070111_A,,
Z161265776,2,P121010606,提拉杆连接件组合件_13529946_C/84070111_A,,
Z161265781,2,P121010607,提拉杆连接件组合件_13529946_D/84070111_A,,
Z161265783,2,P121011756,提拉杆连接件组合件_W4678574_A/84070111_A,,
Z161265790,2,P121010613,提拉杆连接件组合件_13529946_H/84070111_A,,
Z161265797,2,P121010610,提拉杆连接件组合件_13529946_F/84070111_A,,
Z161265803,2,P121010766,提拉杆连接件组合件_F8981170_A/84070111_A,,
Z161265806,2,P121010617,提拉杆连接件组合件_F8822381_A/84070111_A,,
Z161265813,2,P121011756,提拉杆连接件组合件_W4678574_A/84070111_A,,
Z161265819,2,P121011803,提拉杆连接件组合件_W4676384_D/84070111_A,,
Z161265823,2,P121010617,提拉杆连接件组合件_F8822381_A/84070111_A,,
Z161265825,2,P121010618,提拉杆连接件组合件_F8860381_A/84070111_A,,
Z161265826,2,P121010614,提拉杆连接件组合件_13529946_B/84070111_A,,
Z161265828,2,P121011816,提拉杆连接件组合件_W4685381_A/84070111_A,,
Z161265830,2,P121011895,提拉杆连接件组合件_FA168160_A/84070111_A,,
Z161265831,2,P121010608,提拉杆连接件组合件_13529946_A/84070111_A,,
Z161265833,2,P121010618,提拉杆连接件组合件_F8860381_A/84070111_A,,
Z161265835,2,P121011850,提拉杆连接件组合件_W4686358_A/84070111_A,,
Z161265840,2,P121010610,提拉杆连接件组合件_13529946_F/84070111_A,,
Z161265842,2,P121010614,提拉杆连接件组合件_13529946_B/84070111_A,,
Z161265852,2,P121012534,提拉杆连接件组合件_W4630986_H/84070111_A,,
Z161265854,2,P121010607,提拉杆连接件组合件_13529946_D/84070111_A,,
Z161265855,2,P121010606,提拉杆连接件组合件_13529946_C/84070111_A,,
Z161265860,2,P121011863,提拉杆连接件组合件_W4687873_A/84070111_A,,
Z161265875,2,P121010607,提拉杆连接件组合件_13529946_D/84070111_A,,
Z161265876,2,P121010607,提拉杆连接件组合件_13529946_D/84070111_A,,
Z161265877,2,P121010606,提拉杆连接件组合件_13529946_C/84070111_A,,
Z161265881,2,P121011757,提拉杆连接件组合件_C0050123_B/84070111_A,,
Z161265882,2,P121010607,提拉杆连接件组合件_13529946_D/84070111_A,,
Z161265883,2,P121010614,提拉杆连接件组合件_13529946_B/84070111_A,,
Z161265888,2,P121010614,提拉杆连接件组合件_13529946_B/84070111_A,,
Z161265889,2,P121010606,提拉杆连接件组合件_13529946_C/84070111_A,,
Z161265893,2,P121010606,提拉杆连接件组合件_13529946_C/84070111_A,,
Z161265895,2,P121010652,提拉杆连接件组合件_F7507713_A/84070111_A,,
Z161265896,2,P121010652,提拉杆连接件组合件_F7507713_A/84070111_A,,
Z161265901,2,P121010608,提拉杆连接件组合件_13529946_A/84070111_A,,
Z161265902,2,P121011880,提拉杆连接件组合件_W4630986_B/84070111_A,,
Z161265905,2,P121010617,提拉杆连接件组合件_F8822381_A/84070111_A,,
Z161265906,2,P121010610,提拉杆连接件组合件_13529946_F/84070111_A,,
Z161265912,2,P121010607,提拉杆连接件组合件_13529946_D/84070111_A,,
Z161265913,2,P121010607,提拉杆连接件组合件_13529946_D/84070111_A,,
Z161265933,2,P121010606,提拉杆连接件组合件_13529946_C/84070111_A,,
Z161265935,2,P121010610,提拉杆连接件组合件_13529946_F/84070111_A,,
Z161265953,2,P121010608,提拉杆连接件组合件_13529946_A/84070111_A,,
Z161265956,2,P121010607,提拉杆连接件组合件_13529946_D/84070111_A,,
Z161265957,2,P121010606,提拉杆连接件组合件_13529946_C/84070111_A,,
Z161265966,2,P121010608,提拉杆连接件组合件_13529946_A/84070111_A,,
Z161265970,2,P121010610,提拉杆连接件组合件_13529946_F/84070111_A,,
Z161265990,2,P121010606,提拉杆连接件组合件_13529946_C/84070111_A,,
Z161265992,2,P121011880,提拉杆连接件组合件_W4630986_B/84070111_A,,
Z161265997,2,P121010617,提拉杆连接件组合件_F8822381_A/84070111_A,,
Z161265999,2,P121010607,提拉杆连接件组合件_13529946_D/84070111_A,,
Z161266000,2,P121010607,提拉杆连接件组合件_13529946_D/84070111_A,,
Z161266001,2,P121010617,提拉杆连接件组合件_F8822381_A/84070111_A,,
Z161266015,2,P121010614,提拉杆连接件组合件_13529946_B/84070111_A,,
Z161266022,2,P121010617,提拉杆连接件组合件_F8822381_A/84070111_A,,
Z161266026,2,P121010614,提拉杆连接件组合件_13529946_B/84070111_A,,
Z161266047,2,P121010606,提拉杆连接件组合件_13529946_C/84070111_A,,
Z161266062,2,P121010609,提拉杆连接件组合件_13529946_E/84070111_A,,
Z161266070,2,P121011990,提拉杆连接件组合件_W4700828_A/84070111_A,,
Z161266071,2,P121010610,提拉杆连接件组合件_13529946_F/84070111_A,,
Z161266076,2,P121011994,提拉杆连接件组合件_C0073381_D/84070111_A,,
Z161266081,2,P121010609,提拉杆连接件组合件_13529946_E/84070111_A,,
Z161266082,2,P121012000,提拉杆连接件组合件_F8918320_A/84070111_A,,
Z161266083,2,P121010773,提拉杆连接件组合件F8925534_A_F8925534_A/84070111_A/34070110_A,,
Z161266088,2,P121010607,提拉杆连接件组合件_13529946_D/84070111_A,,
Z161266095,2,P121011948,提拉杆连接件组合件_C0073381_C/84070111_A,,
Z161266107,2,P121012010,提拉杆连接件组合件_W4688000_B/84070111_A,,
Z161266111,2,P121010607,提拉杆连接件组合件_13529946_D/84070111_A,,
Z161266114,2,P121011895,提拉杆连接件组合件_FA168160_A/84070111_A,,
Z161266126,2,P121010777,提拉杆连接件组合件_F9059445_A/84070111_A,,
Z161266127,2,P121010615,提拉杆连接件组合件_W4607758_A/84070111_A,,
Z161266128,2,P121011816,提拉杆连接件组合件_W4685381_A/84070111_A,,
Z161266131,2,P121011850,提拉杆连接件组合件_W4686358_A/84070111_A,,
Z161266144,2,P121010606,提拉杆连接件组合件_13529946_C/84070111_A,,
Z161266147,2,P121010610,提拉杆连接件组合件_13529946_F/84070111_A,,
Z161266150,2,P121011850,提拉杆连接件组合件_W4686358_A/84070111_A,,
Z161266151,2,P121010610,提拉杆连接件组合件_13529946_F/84070111_A,,
Z161266179,2,P121010609,提拉杆连接件组合件_13529946_E/84070111_A,,
Z161266181,2,P121010606,提拉杆连接件组合件_13529946_C/84070111_A,,
Z161266196,2,P121010613,提拉杆连接件组合件_13529946_H/84070111_A,,
Z161266204,2,P121010607,提拉杆连接件组合件_13529946_D/84070111_A,,
Z161266215,2,P121010607,提拉杆连接件组合件_13529946_D/84070111_A,,
Z161266254,2,P121010606,提拉杆连接件组合件_13529946_C/84070111_A,,
Z161266257,2,P121010606,提拉杆连接件组合件_13529946_C/84070111_A,,
Z161266261,2,P121012402,提拉杆连接件组合件_W4713240_A/84070111_A_大理石，(C15-67/68/69/70),,
Z161266272,2,P121010610,提拉杆连接件组合件_13529946_F/84070111_A,,
Z161266315,2,P121010766,提拉杆连接件组合件_F8981170_A/84070111_A,,
Z161266322,2,P121012010,提拉杆连接件组合件_W4688000_B/84070111_A,,
Z161266326,2,P121010606,提拉杆连接件组合件_13529946_C/84070111_A,,
Z161266329,2,P121010617,提拉杆连接件组合件_F8822381_A/84070111_A,,
Z161266338,2,P121012010,提拉杆连接件组合件_W4688000_B/84070111_A,,
Z161266341,2,P121010618,提拉杆连接件组合件_F8860381_A/84070111_A,,
Z161266344,2,P121010610,提拉杆连接件组合件_13529946_F/84070111_A,,
Z161266352,2,P121010610,提拉杆连接件组合件_13529946_F/84070111_A,,
Z161266354,2,P121010618,提拉杆连接件组合件_F8860381_A/84070111_A,,
Z161266355,2,P121010618,提拉杆连接件组合件_F8860381_A/84070111_A,,
Z161266360,2,P121010609,提拉杆连接件组合件_13529946_E/84070111_A,,
Z161266361,2,P121010607,提拉杆连接件组合件_13529946_D/84070111_A,,
Z161266363,2,P121010610,提拉杆连接件组合件_13529946_F/84070111_A,,
Z161266369,2,P121010610,提拉杆连接件组合件_13529946_F/84070111_A,,
Z161266380,2,P121010618,提拉杆连接件组合件_F8860381_A/84070111_A,,
Z161266387,2,P121010767,提拉杆连接件组合件_F8890263_A/84070111_A,,
Z161266390,2,P121011895,提拉杆连接件组合件_FA168160_A/84070111_A,,
Z161266391,2,P121012171,提拉杆连接件组合件_W4677586_C/84070111_A,,
Z161266392,2,P121010607,提拉杆连接件组合件_13529946_D/84070111_A,,
Z161266393,2,P121010607,提拉杆连接件组合件_13529946_D/84070111_A,,
Z161266394,2,P121010607,提拉杆连接件组合件_13529946_D/84070111_A,,
Z161266399,2,P121010606,提拉杆连接件组合件_13529946_C/84070111_A,,
Z161266434,2,P121011990,提拉杆连接件组合件_W4700828_A/84070111_A,,
Z161266459,2,P121010610,提拉杆连接件组合件_13529946_F/84070111_A,,
Z161266460,2,P121010610,提拉杆连接件组合件_13529946_F/84070111_A,,
Z161266500,2,P121010610,提拉杆连接件组合件_13529946_F/84070111_A,,
Z161266503,2,P121010617,提拉杆连接件组合件_F8822381_A/84070111_A,,
Z161266512,2,P121010608,提拉杆连接件组合件_13529946_A/84070111_A,,
Z161266533,2,P121010610,提拉杆连接件组合件_13529946_F/84070111_A,,
Z161266536,2,P121010610,提拉杆连接件组合件_13529946_F/84070111_A,,
Z161266537,2,P121010606,提拉杆连接件组合件_13529946_C/84070111_A,,
Z161266538,2,P121010606,提拉杆连接件组合件_13529946_C/84070111_A,,
Z161266542,2,P121010607,提拉杆连接件组合件_13529946_D/84070111_A,,
Z161266545,2,P121010606,提拉杆连接件组合件_13529946_C/84070111_A,,
Z161266551,2,P121010607,提拉杆连接件组合件_13529946_D/84070111_A,,
Z161266561,2,P121010614,提拉杆连接件组合件_13529946_B/84070111_A,,
Z161266562,2,P121010614,提拉杆连接件组合件_13529946_B/84070111_A,,
Z161266626,2,P121010606,提拉杆连接件组合件_13529946_C/84070111_A,,
Z161266628,2,P121010607,提拉杆连接件组合件_13529946_D/84070111_A,,
Z161266630,2,P121010606,提拉杆连接件组合件_13529946_C/84070111_A,,
Z161266631,2,P121010606,提拉杆连接件组合件_13529946_C/84070111_A,,
Z161266632,2,P121010607,提拉杆连接件组合件_13529946_D/84070111_A,,
Z161266633,2,P121010607,提拉杆连接件组合件_13529946_D/84070111_A,,
Z161266636,2,P121010607,提拉杆连接件组合件_13529946_D/84070111_A,,
Z161266637,2,P121010610,提拉杆连接件组合件_13529946_F/84070111_A,,
Z161266639,2,P121010607,提拉杆连接件组合件_13529946_D/84070111_A,,
Z161266640,2,P121010607,提拉杆连接件组合件_13529946_D/84070111_A,,
Z161266641,2,P121010607,提拉杆连接件组合件_13529946_D/84070111_A,,
Z161266643,2,P121010610,提拉杆连接件组合件_13529946_F/84070111_A,,
Z161266644,2,P121010610,提拉杆连接件组合件_13529946_F/84070111_A,,
Z161266645,2,P121010610,提拉杆连接件组合件_13529946_F/84070111_A,,
Z161266649,2,P121010607,提拉杆连接件组合件_13529946_D/84070111_A,,
Z161266650,2,P121012331,提拉杆连接件组合件_FA263340_A/84070111_A,,
Z161266651,2,P121010610,提拉杆连接件组合件_13529946_F/84070111_A,,
Z161266652,2,P121010607,提拉杆连接件组合件_13529946_D/84070111_A,,
Z161266654,2,P121010607,提拉杆连接件组合件_13529946_D/84070111_A,,
Z161266661,2,P121012643,提拉杆连接件组合件_W4732310_B/84070111_A,,
Z161266662,2,P121010610,提拉杆连接件组合件_13529946_F/84070111_A,,
Z161266663,2,P121010610,提拉杆连接件组合件_13529946_F/84070111_A,,
Z161266664,2,P121010610,提拉杆连接件组合件_13529946_F/84070111_A,,
Z161266666,2,P121010606,提拉杆连接件组合件_13529946_C/84070111_A,,
Z161266667,2,P121010610,提拉杆连接件组合件_13529946_F/84070111_A,,
Z161266675,2,P121010607,提拉杆连接件组合件_13529946_D/84070111_A,,
Z161266676,2,P121010610,提拉杆连接件组合件_13529946_F/84070111_A,,
Z161266680,2,P121012383,提拉杆连接件组合件_W4716067_B/84070111_A,,
Z161266681,2,P121010610,提拉杆连接件组合件_13529946_F/84070111_A,,
Z161266695,2,P121010607,提拉杆连接件组合件_13529946_D/84070111_A,,
Z161266697,2,P121010614,提拉杆连接件组合件_13529946_B/84070111_A,,
Z161266698,2,P121012402,提拉杆连接件组合件_W4713240_A/84070111_A_大理石，(C15-67/68/69/70),,
Z161266703,2,P121010609,提拉杆连接件组合件_13529946_E/84070111_A,,
Z161266705,2,P121010607,提拉杆连接件组合件_13529946_D/84070111_A,,
Z161266712,2,P121010607,提拉杆连接件组合件_13529946_D/84070111_A,,
Z161266717,2,P121010614,提拉杆连接件组合件_13529946_B/84070111_A,,
Z161266723,2,P121010610,提拉杆连接件组合件_13529946_F/84070111_A,,
Z161266730,2,P121010606,提拉杆连接件组合件_13529946_C/84070111_A,,
Z161266738,2,P121010613,提拉杆连接件组合件_13529946_H/84070111_A,,
Z161266753,2,P121010610,提拉杆连接件组合件_13529946_F/84070111_A,,
Z161266755,2,P121010609,提拉杆连接件组合件_13529946_E/84070111_A,,
Z161266767,2,P121010607,提拉杆连接件组合件_13529946_D/84070111_A,,
Z161266783,2,P121010606,提拉杆连接件组合件_13529946_C/84070111_A,,
Z161266797,2,P121010607,提拉杆连接件组合件_13529946_D/84070111_A,,
Z161266798,2,P121010611,提拉杆连接件组合件_13529946_G/84070111_A,,
Z161266807,2,P121012469,提拉杆连接件组合件_W4669158_A/84070111_A,,
Z161266808,2,P121010614,提拉杆连接件组合件_13529946_B/84070111_A,,
Z161266809,2,P121010607,提拉杆连接件组合件_13529946_D/84070111_A,,
Z161266810,2,P121010773,提拉杆连接件组合件F8925534_A_F8925534_A/84070111_A/34070110_A,,
Z161266821,2,P121010606,提拉杆连接件组合件_13529946_C/84070111_A,,
Z161266827,2,P121010614,提拉杆连接件组合件_13529946_B/84070111_A,,
Z161266831,2,P121010613,提拉杆连接件组合件_13529946_H/84070111_A,,
Z161266837,2,P121011803,提拉杆连接件组合件_W4676384_D/84070111_A,,
Z161266843,2,P121012481,提拉杆连接件组合件_FA294964_A/84070111_A,,
Z161266845,2,P121010610,提拉杆连接件组合件_13529946_F/84070111_A,,
Z161266852,2,P121010608,提拉杆连接件组合件_13529946_A/84070111_A,,
Z161266866,2,P121010610,提拉杆连接件组合件_13529946_F/84070111_A,,
Z161266870,2,P121010610,提拉杆连接件组合件_13529946_F/84070111_A,,
Z161266872,2,P121012494,提拉杆连接件组合件_FA313649_A/84070111_A,,
Z161266884,2,P121010610,提拉杆连接件组合件_13529946_F/84070111_A,,
Z161266887,2,P121012511,提拉杆连接件组合件_W4630986_J/84070111_A,,
Z161266909,2,P121012534,提拉杆连接件组合件_W4630986_H/84070111_A,,
Z161266911,2,P121012534,提拉杆连接件组合件_W4630986_H/84070111_A,,
Z161266932,2,P121010617,提拉杆连接件组合件_F8822381_A/84070111_A,,
Z161266937,2,P121010609,提拉杆连接件组合件_13529946_E/84070111_A,,
Z161266942,2,P121010607,提拉杆连接件组合件_13529946_D/84070111_A,,
Z161266943,2,P121010607,提拉杆连接件组合件_13529946_D/84070111_A,,
Z161266944,2,P121010607,提拉杆连接件组合件_13529946_D/84070111_A,,
Z161266946,2,P121012550,提拉杆连接件组合件_FA314781_A/84070111_A,,
Z161266947,2,P121012549,提拉杆连接件组合件_F9492055_A/84070111_A,,
Z161266952,2,P121010610,提拉杆连接件组合件_13529946_F/84070111_A,,
Z161266962,2,P121010607,提拉杆连接件组合件_13529946_D/84070111_A,,
Z161266970,2,P121010614,提拉杆连接件组合件_13529946_B/84070111_A,,
Z161266993,2,P121010607,提拉杆连接件组合件_13529946_D/84070111_A,,
Z161266996,2,P121010610,提拉杆连接件组合件_13529946_F/84070111_A,,
Z161267005,2,P121010608,提拉杆连接件组合件_13529946_A/84070111_A,,
Z161267008,2,P121012418,提拉杆连接件组合件_W4630986_M/84070111_A,,
Z161267012,2,P121010610,提拉杆连接件组合件_13529946_F/84070111_A,,
Z161267017,2,P121010607,提拉杆连接件组合件_13529946_D/84070111_A,,
Z161267018,2,P121010607,提拉杆连接件组合件_13529946_D/84070111_A,,
Z161267029,2,P121010606,提拉杆连接件组合件_13529946_C/84070111_A,,
Z161267030,2,P121010608,提拉杆连接件组合件_13529946_A/84070111_A,,
Z161267031,2,P121010607,提拉杆连接件组合件_13529946_D/84070111_A,,
Z161267033,2,P121010607,提拉杆连接件组合件_13529946_D/84070111_A,,
Z161267034,2,P121010606,提拉杆连接件组合件_13529946_C/84070111_A,,
Z161267043,2,P121010607,提拉杆连接件组合件_13529946_D/84070111_A,,
Z161267045,2,P121010607,提拉杆连接件组合件_13529946_D/84070111_A,,
Z161267047,2,P121010614,提拉杆连接件组合件_13529946_B/84070111_A,,
Z161267053,2,P121010614,提拉杆连接件组合件_13529946_B/84070111_A,,
Z161267059,2,P121010607,提拉杆连接件组合件_13529946_D/84070111_A,,
Z161267060,2,P121010607,提拉杆连接件组合件_13529946_D/84070111_A,,
Z161267061,2,P121010607,提拉杆连接件组合件_13529946_D/84070111_A,,
Z161267066,2,P121010607,提拉杆连接件组合件_13529946_D/84070111_A,,
Z161267067,2,P121010607,提拉杆连接件组合件_13529946_D/84070111_A,,
Z161267082,2,P121010610,提拉杆连接件组合件_13529946_F/84070111_A,,
Z161267083,2,P121010610,提拉杆连接件组合件_13529946_F/84070111_A,,
Z161267109,2,P121010607,提拉杆连接件组合件_13529946_D/84070111_A,,
Z161267136,2,P121010613,提拉杆连接件组合件_13529946_H/84070111_A,,
Z161267147,2,P121012601,提拉杆连接件组合件_FA308029_A/84070111_A,,
Z161267171,2,P121012637,提拉杆连接件组合件_W4746051_A/84070111_A,,
Z161267174,2,P121010607,提拉杆连接件组合件_13529946_D/84070111_A,,
Z161267175,2,P121010607,提拉杆连接件组合件_13529946_D/84070111_A,,
Z161267176,2,P121010608,提拉杆连接件组合件_13529946_A/84070111_A,,
Z161267194,2,P121010614,提拉杆连接件组合件_13529946_B/84070111_A,,
Z161267208,2,P121010608,提拉杆连接件组合件_13529946_A/84070111_A,,
Z161267209,2,P121010608,提拉杆连接件组合件_13529946_A/84070111_A,,
Z161267210,2,P121013121,提拉杆连接件组合件_W4630986_L/84070111_A,,
Z161267217,2,P121012418,提拉杆连接件组合件_W4630986_M/84070111_A,,
Z161267220,2,P121010606,提拉杆连接件组合件_13529946_C/84070111_A,,
Z161267221,2,P121010617,提拉杆连接件组合件_F8822381_A/84070111_A,,
Z161267226,2,P121010614,提拉杆连接件组合件_13529946_B/84070111_A,,
Z161267257,2,P121010610,提拉杆连接件组合件_13529946_F/84070111_A,,
Z161267270,2,P121010617,提拉杆连接件组合件_F8822381_A/84070111_A,,
Z161267272,2,P121010608,提拉杆连接件组合件_13529946_A/84070111_A,,
Z161267273,2,P121010608,提拉杆连接件组合件_13529946_A/84070111_A,,
Z161267281,2,P121011624,提拉杆连接件组合件_C0050123_A/84070111_A,,
Z161267283,2,P121010607,提拉杆连接件组合件_13529946_D/84070111_A,,
Z161267288,2,P121010610,提拉杆连接件组合件_13529946_F/84070111_A,,
Z161267290,2,P121012637,提拉杆连接件组合件_W4746051_A/84070111_A,,
Z161267294,2,P121012638,提拉杆连接件组合件_W4749174_A/84070111_A,,
Z161267306,2,P121010613,提拉杆连接件组合件_13529946_H/84070111_A,,
Z161267320,2,P121010613,提拉杆连接件组合件_13529946_H/84070111_A,,
Z161267322,2,P121012643,提拉杆连接件组合件_W4732310_B/84070111_A,,
Z161267331,2,P121010607,提拉杆连接件组合件_13529946_D/84070111_A,,
Z161267336,2,P121010613,提拉杆连接件组合件_13529946_H/84070111_A,,
Z161267347,2,P121010610,提拉杆连接件组合件_13529946_F/84070111_A,,
Z161267358,2,P121010607,提拉杆连接件组合件_13529946_D/84070111_A,,
Z161267363,2,P121010617,提拉杆连接件组合件_F8822381_A/84070111_A,,
Z161267364,2,P121010617,提拉杆连接件组合件_F8822381_A/84070111_A,,
Z161267366,2,P121010617,提拉杆连接件组合件_F8822381_A/84070111_A,,
Z161267372,2,P121010606,提拉杆连接件组合件_13529946_C/84070111_A,,
Z161267374,2,P121010607,提拉杆连接件组合件_13529946_D/84070111_A,,
Z161267382,2,P121011895,提拉杆连接件组合件_FA168160_A/84070111_A,,
Z161267386,2,P121010617,提拉杆连接件组合件_F8822381_A/84070111_A,,
Z161267397,2,P121010613,提拉杆连接件组合件_13529946_H/84070111_A,,
Z161267405,2,P121010617,提拉杆连接件组合件_F8822381_A/84070111_A,,
Z161267409,2,P121012670,提拉杆连接件组合件_FA368840_A/84070111_A,,
Z161267423,2,P121010606,提拉杆连接件组合件_13529946_C/84070111_A,,
Z161267430,2,P121010609,提拉杆连接件组合件_13529946_E/84070111_A,,
Z161267444,2,P121010617,提拉杆连接件组合件_F8822381_A/84070111_A,,
Z161267450,2,P121010607,提拉杆连接件组合件_13529946_D/84070111_A,,
Z161267458,2,P121010613,提拉杆连接件组合件_13529946_H/84070111_A,,
Z161267470,2,P121010607,提拉杆连接件组合件_13529946_D/84070111_A,,
Z161267471,2,P121010607,提拉杆连接件组合件_13529946_D/84070111_A,,
Z161267478,2,P121010617,提拉杆连接件组合件_F8822381_A/84070111_A,,
Z161267479,2,P121010608,提拉杆连接件组合件_13529946_A/84070111_A,,
Z161267480,2,P121010608,提拉杆连接件组合件_13529946_A/84070111_A,,
Z161267485,2,P121011624,提拉杆连接件组合件_C0050123_A/84070111_A,,
Z161267492,2,P121010773,提拉杆连接件组合件F8925534_A_F8925534_A/84070111_A/34070110_A,,
Z161267499,2,P121010617,提拉杆连接件组合件_F8822381_A/84070111_A,,
Z161267503,2,P121010617,提拉杆连接件组合件_F8822381_A/84070111_A,,
Z161267505,2,P121010608,提拉杆连接件组合件_13529946_A/84070111_A,,
Z161267506,2,P121010608,提拉杆连接件组合件_13529946_A/84070111_A,,
Z161267516,2,P121010610,提拉杆连接件组合件_13529946_F/84070111_A,,
Z161267520,2,P121010610,提拉杆连接件组合件_13529946_F/84070111_A,,
Z161267522,2,P121010607,提拉杆连接件组合件_13529946_D/84070111_A,,
Z161267533,2,P121010802,提拉杆连接件组合件_F8874745_A/84070111_A,,
Z161267540,2,P121010773,提拉杆连接件组合件F8925534_A_F8925534_A/84070111_A/34070110_A,,
Z161267546,2,P121010610,提拉杆连接件组合件_13529946_F/84070111_A,,
Z161267549,2,P121010608,提拉杆连接件组合件_13529946_A/84070111_A,,
Z161267552,2,P121010610,提拉杆连接件组合件_13529946_F/84070111_A,,
Z161267563,2,P121011994,提拉杆连接件组合件_C0073381_D/84070111_A,,
Z161267568,2,P121012764,提拉杆连接件组合件_W4757865_A/84070111_A,,
Z161267573,2,P121010606,提拉杆连接件组合件_13529946_C/84070111_A,,
Z161267589,2,P121010606,提拉杆连接件组合件_13529946_C/84070111_A,,
Z161267590,2,P121011113,提拉杆连接件组合件_F9123948_A/84070111_A,,
Z161267596,2,P121012789,提拉杆连接件组合件_F8977124_A/84070111_A,,
Z161267598,2,P121010606,提拉杆连接件组合件_13529946_C/84070111_A,,
Z161267603,2,P121010610,提拉杆连接件组合件_13529946_F/84070111_A,,
Z161267605,2,P121012804,提拉杆连接件组合件_W4759246_D/84070111_A,,
Z161267606,2,P121010766,提拉杆连接件组合件_F8981170_A/84070111_A,,
Z161267609,2,P121012805,提拉杆连接件组合件_FA365422_A/84070111_A,,
Z161267611,2,P121011757,提拉杆连接件组合件_C0050123_B/84070111_A,,
Z161267612,2,P121010608,提拉杆连接件组合件_13529946_A/84070111_A,,
Z161267627,2,P121012752,提拉杆连接件组合件_FA402789_A/84070111_A,,
Z161267629,2,P121012845,提拉杆连接件组合件_FA415460_A/84070111_A,,
Z161267635,2,P121012000,提拉杆连接件组合件_F8918320_A/84070111_A,,
Z161267638,2,P121010610,提拉杆连接件组合件_13529946_F/84070111_A,,
Z161267640,2,P121010607,提拉杆连接件组合件_13529946_D/84070111_A,,
Z161267647,2,P121012861,提拉杆连接件组合件_FA348561_A/84070111_A,,
Z161267651,2,P121010606,提拉杆连接件组合件_13529946_C/84070111_A,,
Z161267658,2,P121010773,提拉杆连接件组合件F8925534_A_F8925534_A/84070111_A/34070110_A,,
Z161267665,2,P121010610,提拉杆连接件组合件_13529946_F/84070111_A,,
Z161267667,2,P121012511,提拉杆连接件组合件_W4630986_J/84070111_A,,
Z161267672,2,P121012418,提拉杆连接件组合件_W4630986_M/84070111_A,,
Z161267674,2,P121010606,提拉杆连接件组合件_13529946_C/84070111_A,,
Z161267683,2,P121010613,提拉杆连接件组合件_13529946_H/84070111_A,,
Z161267686,2,P121010614,提拉杆连接件组合件_13529946_B/84070111_A,,
Z161267687,2,P121010618,提拉杆连接件组合件_F8860381_A/84070111_A,,
Z161267689,2,P121013055,提拉杆连接件组合件_13529946_D/84070111_A,,
Z161267691,2,P121010610,提拉杆连接件组合件_13529946_F/84070111_A,,
Z161267704,2,P121013119,提拉杆连接件组合件_FA417115_A/84070111_A,,
Z161267707,2,P121013093,提拉杆连接件组合件_W4630986_K/84070111_A,,
Z161267708,2,P121012418,提拉杆连接件组合件_W4630986_M/84070111_A,,
Z161267710,2,P121011863,提拉杆连接件组合件_W4687873_A/84070111_A,,
Z161267715,2,P121010607,提拉杆连接件组合件_13529946_D/84070111_A,,
Z161267721,2,P121013023,提拉杆连接件组合件,,
Z161267729,2,P121010617,提拉杆连接件组合件_F8822381_A/84070111_A,,
Z161267733,2,P121010618,提拉杆连接件组合件_F8860381_A/84070111_A,,
Z161267734,2,P121010610,提拉杆连接件组合件_13529946_F/84070111_A,,
Z161267739,2,P121010766,提拉杆连接件组合件_F8981170_A/84070111_A,,
Z161267742,2,P121010607,提拉杆连接件组合件_13529946_D/84070111_A,,
Z161267744,2,P121010607,提拉杆连接件组合件_13529946_D/84070111_A,,
Z161267745,2,P121010607,提拉杆连接件组合件_13529946_D/84070111_A,,
Z161267754,2,P121010607,提拉杆连接件组合件_13529946_D/84070111_A,,
Z161267755,2,P121013065,提拉杆连接件组合件_W4764678_B/84070111_A,,
Z161267761,2,P121010607,提拉杆连接件组合件_13529946_D/84070111_A,,
Z161267769,2,P121010610,提拉杆连接件组合件_13529946_F/84070111_A,,
Z161267770,2,P121010610,提拉杆连接件组合件_13529946_F/84070111_A,,
Z161267779,2,P121010607,提拉杆连接件组合件_13529946_D/84070111_A,,
Z161267780,2,P121010607,提拉杆连接件组合件_13529946_D/84070111_A,,
Z161267781,2,P121011863,提拉杆连接件组合件_W4687873_A/84070111_A,,
Z161267782,2,P121011863,提拉杆连接件组合件_W4687873_A/84070111_A,,
Z161267783,2,P121010617,提拉杆连接件组合件_F8822381_A/84070111_A,,
Z161267784,2,P121012997,提拉杆连接件组合件_F9176885_A/84070111_A,,
Z161267798,2,P121010608,提拉杆连接件组合件_13529946_A/84070111_A,,
Z161267813,2,P121010610,提拉杆连接件组合件_13529946_F/84070111_A,,
Z161267818,2,P121010608,提拉杆连接件组合件_13529946_A/84070111_A,,
Z161267819,2,P121010617,提拉杆连接件组合件_F8822381_A/84070111_A,,
Z161267820,2,P121010617,提拉杆连接件组合件_F8822381_A/84070111_A,,
Z161267823,2,P121013037,提拉杆连接件组合件_W4764514_A/84070111_A,,
Z161267824,2,P121010607,提拉杆连接件组合件_13529946_D/84070111_A,,
Z161267825,2,P121010606,提拉杆连接件组合件_13529946_C/84070111_A,,
Z161267827,2,P121010606,提拉杆连接件组合件_13529946_C/84070111_A,,
Z161267828,2,P121010606,提拉杆连接件组合件_13529946_C/84070111_A,,
Z161267829,2,P121010607,提拉杆连接件组合件_13529946_D/84070111_A,,
Z161267830,2,P121010607,提拉杆连接件组合件_13529946_D/84070111_A,,
Z161267831,2,P121010617,提拉杆连接件组合件_F8822381_A/84070111_A,,
Z161267833,2,P121010606,提拉杆连接件组合件_13529946_C/84070111_A,,
Z161267834,2,P121010607,提拉杆连接件组合件_13529946_D/84070111_A,,
Z161267835,2,P121010607,提拉杆连接件组合件_13529946_D/84070111_A,,
Z161267836,2,P121010607,提拉杆连接件组合件_13529946_D/84070111_A,,
Z161267838,2,P121010610,提拉杆连接件组合件_13529946_F/84070111_A,,
Z161267839,2,P121010607,提拉杆连接件组合件_13529946_D/84070111_A,,
Z161267840,2,P121010617,提拉杆连接件组合件_F8822381_A/84070111_A,,
Z161267842,2,P121010610,提拉杆连接件组合件_13529946_F/84070111_A,,
Z161267844,2,P121010606,提拉杆连接件组合件_13529946_C/84070111_A,,
Z161267845,2,P121010607,提拉杆连接件组合件_13529946_D/84070111_A,,
Z161267846,2,P121010607,提拉杆连接件组合件_13529946_D/84070111_A,,
Z161267847,2,P121010607,提拉杆连接件组合件_13529946_D/84070111_A,,
Z161267849,2,P121010610,提拉杆连接件组合件_13529946_F/84070111_A,,
Z161267850,2,P121010606,提拉杆连接件组合件_13529946_C/84070111_A,,
Z161267851,2,P121010607,提拉杆连接件组合件_13529946_D/84070111_A,,
Z161267853,2,P121010607,提拉杆连接件组合件_13529946_D/84070111_A,,
Z161267854,2,P121010607,提拉杆连接件组合件_13529946_D/84070111_A,,
Z161267855,2,P121010610,提拉杆连接件组合件_13529946_F/84070111_A,,
Z161267856,2,P121010606,提拉杆连接件组合件_13529946_C/84070111_A,,
Z161267857,2,P121010606,提拉杆连接件组合件_13529946_C/84070111_A,,
Z161267858,2,P121011113,提拉杆连接件组合件_F9123948_A/84070111_A,,
Z161267861,2,P121010607,提拉杆连接件组合件_13529946_D/84070111_A,,
Z161267862,2,P121010617,提拉杆连接件组合件_F8822381_A/84070111_A,,
Z161267863,2,P121010610,提拉杆连接件组合件_13529946_F/84070111_A,,
Z161267864,2,P121010610,提拉杆连接件组合件_13529946_F/84070111_A,,
Z161267865,2,P121010607,提拉杆连接件组合件_13529946_D/84070111_A,,
Z161267866,2,P121010610,提拉杆连接件组合件_13529946_F/84070111_A,,
Z161267867,2,P121010606,提拉杆连接件组合件_13529946_C/84070111_A,,
Z161267869,2,P121010607,提拉杆连接件组合件_13529946_D/84070111_A,,
Z161267870,2,P121010617,提拉杆连接件组合件_F8822381_A/84070111_A,,
Z161267871,2,P121013046,提拉杆连接件组合件_FA429840_A/84070111_A,,
Z161267872,2,P121010606,提拉杆连接件组合件_13529946_C/84070111_A,,
Z161267873,2,P121010607,提拉杆连接件组合件_13529946_D/84070111_A,,
Z161267875,2,P121010607,提拉杆连接件组合件_13529946_D/84070111_A,,
Z161267876,2,P121010606,提拉杆连接件组合件_13529946_C/84070111_A,,
Z161267878,2,P121010610,提拉杆连接件组合件_13529946_F/84070111_A,,
Z161267879,2,P121010610,提拉杆连接件组合件_13529946_F/84070111_A,,
Z161267880,2,P121010606,提拉杆连接件组合件_13529946_C/84070111_A,,
Z161267881,2,P121010609,提拉杆连接件组合件_13529946_E/84070111_A,,
Z161267885,2,P121010610,提拉杆连接件组合件_13529946_F/84070111_A,,
Z161267888,2,P121010610,提拉杆连接件组合件_13529946_F/84070111_A,,
Z161267889,2,P121010610,提拉杆连接件组合件_13529946_F/84070111_A,,
Z161267890,2,P121010610,提拉杆连接件组合件_13529946_F/84070111_A,,
Z161267891,2,P121010613,提拉杆连接件组合件_13529946_H/84070111_A,,
Z161267892,2,P121010607,提拉杆连接件组合件_13529946_D/84070111_A,,
Z161267893,2,P121010608,提拉杆连接件组合件_13529946_A/84070111_A,,
Z161267894,2,P121010607,提拉杆连接件组合件_13529946_D/84070111_A,,
Z161267895,2,P121010607,提拉杆连接件组合件_13529946_D/84070111_A,,
Z161267896,2,P121010607,提拉杆连接件组合件_13529946_D/84070111_A,,
Z161267897,2,P121010607,提拉杆连接件组合件_13529946_D/84070111_A,,
Z161267898,2,P121010607,提拉杆连接件组合件_13529946_D/84070111_A,,
Z161267899,2,P121010606,提拉杆连接件组合件_13529946_C/84070111_A,,
Z161267900,2,P121010610,提拉杆连接件组合件_13529946_F/84070111_A,,
Z161267901,2,P121010610,提拉杆连接件组合件_13529946_F/84070111_A,,
Z161267902,2,P121010613,提拉杆连接件组合件_13529946_H/84070111_A,,
Z161267903,2,P121010613,提拉杆连接件组合件_13529946_H/84070111_A,,
Z161267905,2,P121010607,提拉杆连接件组合件_13529946_D/84070111_A,,
Z161267906,2,P121010606,提拉杆连接件组合件_13529946_C/84070111_A,,
Z161267909,2,P121010607,提拉杆连接件组合件_13529946_D/84070111_A,,
Z161267910,2,P121010606,提拉杆连接件组合件_13529946_C/84070111_A,,
Z161267912,2,P121013059,提拉杆连接件组合件_W4767555_A/84070111_A,,
Z161267916,2,P121010610,提拉杆连接件组合件_13529946_F/84070111_A,,
Z161267918,2,P121010617,提拉杆连接件组合件_F8822381_A/84070111_A,,
Z161267921,2,P121010617,提拉杆连接件组合件_F8822381_A/84070111_A,,
Z161267922,2,P121010613,提拉杆连接件组合件_13529946_H/84070111_A,,
Z161267924,2,P121010606,提拉杆连接件组合件_13529946_C/84070111_A,,
Z161267925,2,P121010613,提拉杆连接件组合件_13529946_H/84070111_A,,
Z161267926,2,P121010613,提拉杆连接件组合件_13529946_H/84070111_A,,
Z161267927,2,P121010606,提拉杆连接件组合件_13529946_C/84070111_A,,
Z161267930,2,P121010607,提拉杆连接件组合件_13529946_D/84070111_A,,
Z161267931,2,P121010617,提拉杆连接件组合件_F8822381_A/84070111_A,,
Z161267935,2,P121010614,提拉杆连接件组合件_13529946_B/84070111_A,,
Z161267937,2,P121010607,提拉杆连接件组合件_13529946_D/84070111_A,,
Z161267938,2,P121010607,提拉杆连接件组合件_13529946_D/84070111_A,,
Z161267944,2,P121010606,提拉杆连接件组合件_13529946_C/84070111_A,,
Z161267954,2,P121010610,提拉杆连接件组合件_13529946_F/84070111_A,,
Z161267955,2,P121010610,提拉杆连接件组合件_13529946_F/84070111_A,,
Z161267957,2,P121011749,提拉杆连接件组合件_C0073381_A/84070111_A,,
Z161267958,2,P121010610,提拉杆连接件组合件_13529946_F/84070111_A,,
Z161267964,2,P121010610,提拉杆连接件组合件_13529946_F/84070111_A,,
Z161267965,2,P121010617,提拉杆连接件组合件_F8822381_A/84070111_A,,
Z161267966,2,P121010607,提拉杆连接件组合件_13529946_D/84070111_A,,
Z161267971,2,P121010766,提拉杆连接件组合件_F8981170_A/84070111_A,,
Z161267972,2,P121010610,提拉杆连接件组合件_13529946_F/84070111_A,,
Z161267973,2,P121010618,提拉杆连接件组合件_F8860381_A/84070111_A,,
Z161267974,2,P121010613,提拉杆连接件组合件_13529946_H/84070111_A,,
Z161267977,2,P121010766,提拉杆连接件组合件_F8981170_A/84070111_A,,
Z161267978,2,P121010610,提拉杆连接件组合件_13529946_F/84070111_A,,
Z161267979,2,P121010610,提拉杆连接件组合件_13529946_F/84070111_A,,
Z161267981,2,P121010606,提拉杆连接件组合件_13529946_C/84070111_A,,
Z161267988,2,P121013023,提拉杆连接件组合件,,
Z161267990,2,P121010613,提拉杆连接件组合件_13529946_H/84070111_A,,
Z161267991,2,P121010606,提拉杆连接件组合件_13529946_C/84070111_A,,
Z161267994,2,P121010610,提拉杆连接件组合件_13529946_F/84070111_A,,
Z161267998,2,P121010610,提拉杆连接件组合件_13529946_F/84070111_A,,
Z161268000,2,P121010607,提拉杆连接件组合件_13529946_D/84070111_A,,
Z161268001,2,P121010617,提拉杆连接件组合件_F8822381_A/84070111_A,,
Z161268002,2,P121013076,提拉杆连接件组合件_W4769790_A/84070111_A,,
Z161268003,2,P121010613,提拉杆连接件组合件_13529946_H/84070111_A,,
Z161268006,2,P121010613,提拉杆连接件组合件_13529946_H/84070111_A,,
Z161268010,2,P121010617,提拉杆连接件组合件_F8822381_A/84070111_A,,
Z161268012,2,P121010610,提拉杆连接件组合件_13529946_F/84070111_A,,
Z161268013,2,P121010614,提拉杆连接件组合件_13529946_B/84070111_A,,
Z161268019,2,P121010610,提拉杆连接件组合件_13529946_F/84070111_A,,
Z161268020,2,P121010607,提拉杆连接件组合件_13529946_D/84070111_A,,
Z161268022,2,P121010614,提拉杆连接件组合件_13529946_B/84070111_A,,
Z161268023,2,P121010606,提拉杆连接件组合件_13529946_C/84070111_A,,
Z161268027,2,P121010607,提拉杆连接件组合件_13529946_D/84070111_A,,
Z161268028,2,P121010607,提拉杆连接件组合件_13529946_D/84070111_A,,
Z161268030,2,P121010613,提拉杆连接件组合件_13529946_H/84070111_A,,
Z161268035,2,P121012469,提拉杆连接件组合件_W4669158_A/84070111_A,,
Z161268037,2,P121010617,提拉杆连接件组合件_F8822381_A/84070111_A,,
Z161268039,2,P121010609,提拉杆连接件组合件_13529946_E/84070111_A,,
Z161268040,2,P121010607,提拉杆连接件组合件_13529946_D/84070111_A,,
Z161268044,2,P121010613,提拉杆连接件组合件_13529946_H/84070111_A,,
Z161268045,2,P121010607,提拉杆连接件组合件_13529946_D/84070111_A,,
Z161268049,2,P121010610,提拉杆连接件组合件_13529946_F/84070111_A,,
Z161268050,2,P121010607,提拉杆连接件组合件_13529946_D/84070111_A,,
Z161268051,2,P121010606,提拉杆连接件组合件_13529946_C/84070111_A,,
Z161268054,2,P121010607,提拉杆连接件组合件_13529946_D/84070111_A,,
Z161268061,2,P121010610,提拉杆连接件组合件_13529946_F/84070111_A,,
Z161268066,2,P121010610,提拉杆连接件组合件_13529946_F/84070111_A,,
Z161268070,2,P121010607,提拉杆连接件组合件_13529946_D/84070111_A,,
Z161268080,2,P121010606,提拉杆连接件组合件_13529946_C/84070111_A,,
Z161268082,2,P121010613,提拉杆连接件组合件_13529946_H/84070111_A,,
Z161268083,2,P121010608,提拉杆连接件组合件_13529946_A/84070111_A,,
Z161268085,2,P121012418,提拉杆连接件组合件_W4630986_M/84070111_A,,
Z161268086,2,P121011624,提拉杆连接件组合件_C0050123_A/84070111_A,,
Z161268087,2,P121010610,提拉杆连接件组合件_13529946_F/84070111_A,,
Z161268088,2,P121010606,提拉杆连接件组合件_13529946_C/84070111_A,,
Z161268091,2,P121010613,提拉杆连接件组合件_13529946_H/84070111_A,,
Z161268096,2,P121010607,提拉杆连接件组合件_13529946_D/84070111_A,,
Z161268097,2,P121010607,提拉杆连接件组合件_13529946_D/84070111_A,,
Z161268098,2,P121010607,提拉杆连接件组合件_13529946_D/84070111_A,,
Z161268106,2,P121010610,提拉杆连接件组合件_13529946_F/84070111_A,,
Z161268107,2,P121010607,提拉杆连接件组合件_13529946_D/84070111_A,,
Z161268110,2,P121011113,提拉杆连接件组合件_F9123948_A/84070111_A,,
Z161268113,2,P121010610,提拉杆连接件组合件_13529946_F/84070111_A,,
Z161268114,2,P121010607,提拉杆连接件组合件_13529946_D/84070111_A,,
Z161268116,2,P121010610,提拉杆连接件组合件_13529946_F/84070111_A,,
Z161268117,2,P121013090,提拉杆连接件组合件_FA457586_A/84070111_A/34070110_A,,
Z161268118,2,P121013090,提拉杆连接件组合件_FA457586_A/84070111_A/34070110_A,,
Z161268125,2,P121010614,提拉杆连接件组合件_13529946_B/84070111_A,,
Z161268127,2,P121010617,提拉杆连接件组合件_F8822381_A/84070111_A,,
Z161268131,2,P121010610,提拉杆连接件组合件_13529946_F/84070111_A,,
Z161268141,2,P121010607,提拉杆连接件组合件_13529946_D/84070111_A,,
Z161268142,2,P121010613,提拉杆连接件组合件_13529946_H/84070111_A,,
Z161268144,2,P121013091,提拉杆连接件组合件_FA190379_A/84070111_A,,
Z161268148,2,P121010617,提拉杆连接件组合件_F8822381_A/84070111_A,,
Z161268151,2,P121010607,提拉杆连接件组合件_13529946_D/84070111_A,,
Z161268153,2,P121010610,提拉杆连接件组合件_13529946_F/84070111_A,,
Z161268160,2,P121010610,提拉杆连接件组合件_13529946_F/84070111_A,,
Z161268163,2,P121010606,提拉杆连接件组合件_13529946_C/84070111_A,,
Z161268164,2,P121013092,提拉杆连接件组合件_FA425065_A/84070111_A,,
Z161268165,2,P121010613,提拉杆连接件组合件_13529946_H/84070111_A,,
Z161268166,2,P121010610,提拉杆连接件组合件_13529946_F/84070111_A,,
Z161268170,2,P121010606,提拉杆连接件组合件_13529946_C/84070111_A,,
Z161268171,2,P121010606,提拉杆连接件组合件_13529946_C/84070111_A,,
Z161268175,2,P121010607,提拉杆连接件组合件_13529946_D/84070111_A,,
Z161268176,2,P121010606,提拉杆连接件组合件_13529946_C/84070111_A,,
Z161268179,2,P121013094,提拉杆连接件组合件_W4630986_G/84070111_A,,
Z161268180,2,P121012845,提拉杆连接件组合件_FA415460_A/84070111_A,,
Z161268183,2,P121011757,提拉杆连接件组合件_C0050123_B/84070111_A,,
Z161268184,2,P121010610,提拉杆连接件组合件_13529946_F/84070111_A,,
Z161268186,2,P121013023,提拉杆连接件组合件,,
Z161268187,2,P121010607,提拉杆连接件组合件_13529946_D/84070111_A,,
Z161268188,2,P121010607,提拉杆连接件组合件_13529946_D/84070111_A,,
Z161268195,2,P121010773,提拉杆连接件组合件F8925534_A_F8925534_A/84070111_A/34070110_A,,
Z161268197,2,P121010617,提拉杆连接件组合件_F8822381_A/84070111_A,,
Z161268198,2,P121010607,提拉杆连接件组合件_13529946_D/84070111_A,,
Z161268200,2,P121010610,提拉杆连接件组合件_13529946_F/84070111_A,,
Z161268207,2,P121010607,提拉杆连接件组合件_13529946_D/84070111_A,,
Z161268209,2,P121012418,提拉杆连接件组合件_W4630986_M/84070111_A,,
Z161268213,2,P121010614,提拉杆连接件组合件_13529946_B/84070111_A,,
Z161268214,2,P121010614,提拉杆连接件组合件_13529946_B/84070111_A,,
Z161268215,2,P121010610,提拉杆连接件组合件_13529946_F/84070111_A,,
Z161268221,2,P121010607,提拉杆连接件组合件_13529946_D/84070111_A,,
Z161268222,2,P121010610,提拉杆连接件组合件_13529946_F/84070111_A,,
Z161268223,2,P121010608,提拉杆连接件组合件_13529946_A/84070111_A,,
Z161268225,2,P121010609,提拉杆连接件组合件_13529946_E/84070111_A,,
Z161268229,2,P121012752,提拉杆连接件组合件_FA402789_A/84070111_A,,
Z161268239,2,P121010610,提拉杆连接件组合件_13529946_F/84070111_A,,
Z161268247,2,P121011757,提拉杆连接件组合件_C0050123_B/84070111_A,,
Z161268248,2,P121011749,提拉杆连接件组合件_C0073381_A/84070111_A,,
Z161268250,2,P121011624,提拉杆连接件组合件_C0050123_A/84070111_A,,
Z161268251,2,P121010617,提拉杆连接件组合件_F8822381_A/84070111_A,,
Z161268252,2,P121013093,提拉杆连接件组合件_W4630986_K/84070111_A,,
Z161268254,2,P121011749,提拉杆连接件组合件_C0073381_A/84070111_A,,
Z161268257,2,P121010606,提拉杆连接件组合件_13529946_C/84070111_A,,
Z161268265,2,P121010607,提拉杆连接件组合件_13529946_D/84070111_A,,
Z161268266,2,P121010614,提拉杆连接件组合件_13529946_B/84070111_A,,
Z161268276,2,P121010613,提拉杆连接件组合件_13529946_H/84070111_A,,
Z161268283,2,P121013103,提拉杆连接件组合件_W4776619_A/84070111_A,,
Z161268289,2,P121010606,提拉杆连接件组合件_13529946_C/84070111_A,,
Z161268299,2,P121010607,提拉杆连接件组合件_13529946_D/84070111_A,,
Z161268304,2,P121011744,提拉杆连接件组合件_C0073381_B/84070111_A,,
Z161268311,2,P121010610,提拉杆连接件组合件_13529946_F/84070111_A,,
Z161268318,2,P121010617,提拉杆连接件组合件_F8822381_A/84070111_A,,
Z161268327,2,P121010773,提拉杆连接件组合件F8925534_A_F8925534_A/84070111_A/34070110_A,,
Z161268330,2,P121010617,提拉杆连接件组合件_F8822381_A/84070111_A,,
Z161268335,2,P121013097,提拉杆连接件组合件_FA437365_A/84070111_A,,
Z161268337,2,P121010607,提拉杆连接件组合件_13529946_D/84070111_A,,
Z161268342,2,P121010610,提拉杆连接件组合件_13529946_F/84070111_A,,
Z161268344,2,P121010610,提拉杆连接件组合件_13529946_F/84070111_A,,
Z161268350,2,P121010610,提拉杆连接件组合件_13529946_F/84070111_A,,
Z161268354,2,P121010609,提拉杆连接件组合件_13529946_E/84070111_A,,
Z161268358,2,P121010607,提拉杆连接件组合件_13529946_D/84070111_A,,
Z161268359,2,P121010610,提拉杆连接件组合件_13529946_F/84070111_A,,
Z161268364,2,P121010614,提拉杆连接件组合件_13529946_B/84070111_A,,
Z161268365,2,P121010613,提拉杆连接件组合件_13529946_H/84070111_A,,
Z161268368,2,P121013098,提拉杆连接件组合件_W4760672_C/84070111_A,,
Z161268371,2,P121010766,提拉杆连接件组合件_F8981170_A/84070111_A,,
Z161268373,2,P121010766,提拉杆连接件组合件_F8981170_A/84070111_A,,
Z161268375,2,P121010610,提拉杆连接件组合件_13529946_F/84070111_A,,
Z161268380,2,P121010609,提拉杆连接件组合件_13529946_E/84070111_A,,
Z161268394,2,P121010610,提拉杆连接件组合件_13529946_F/84070111_A,,
Z161268395,2,P121010607,提拉杆连接件组合件_13529946_D/84070111_A,,
Z161268405,2,P121010607,提拉杆连接件组合件_13529946_D/84070111_A,,
Z161268407,2,P121010609,提拉杆连接件组合件_13529946_E/84070111_A,,
Z161268412,2,P121011880,提拉杆连接件组合件_W4630986_B/84070111_A,,
Z161268417,2,P121010610,提拉杆连接件组合件_13529946_F/84070111_A,,
Z161268418,2,P121010610,提拉杆连接件组合件_13529946_F/84070111_A,,
Z161268421,2,P121010608,提拉杆连接件组合件_13529946_A/84070111_A,,
Z161268422,2,P121010609,提拉杆连接件组合件_13529946_E/84070111_A,,
Z161268424,2,P121010614,提拉杆连接件组合件_13529946_B/84070111_A,,
Z161268427,2,P121010610,提拉杆连接件组合件_13529946_F/84070111_A,,
Z161268428,2,P121010606,提拉杆连接件组合件_13529946_C/84070111_A,,
Z161268429,2,P121010607,提拉杆连接件组合件_13529946_D/84070111_A,,
Z161268430,2,P121010607,提拉杆连接件组合件_13529946_D/84070111_A,,
Z161268431,2,P121010608,提拉杆连接件组合件_13529946_A/84070111_A,,
Z161268432,2,P121013046,提拉杆连接件组合件_FA429840_A/84070111_A,,
Z161268433,2,P121010613,提拉杆连接件组合件_13529946_H/84070111_A,,
Z161268434,2,P121010618,提拉杆连接件组合件_F8860381_A/84070111_A,,
Z161268435,2,P121010617,提拉杆连接件组合件_F8822381_A/84070111_A,,
Z161268443,2,P121010607,提拉杆连接件组合件_13529946_D/84070111_A,,
Z161268444,2,P121010613,提拉杆连接件组合件_13529946_H/84070111_A,,
Z161268445,2,P121010610,提拉杆连接件组合件_13529946_F/84070111_A,,
Z161268446,2,P121010607,提拉杆连接件组合件_13529946_D/84070111_A,,
Z161268447,2,P121011863,提拉杆连接件组合件_W4687873_A/84070111_A,,
Z161268448,2,P121010610,提拉杆连接件组合件_13529946_F/84070111_A,,
Z161268449,2,P121010606,提拉杆连接件组合件_13529946_C/84070111_A,,
Z161268450,2,P121010613,提拉杆连接件组合件_13529946_H/84070111_A,,
Z161268451,2,P121010610,提拉杆连接件组合件_13529946_F/84070111_A,,
Z161268452,2,P121010607,提拉杆连接件组合件_13529946_D/84070111_A,,
Z161268460,2,P121010773,提拉杆连接件组合件F8925534_A_F8925534_A/84070111_A/34070110_A,,
Z161268461,2,P121010773,提拉杆连接件组合件F8925534_A_F8925534_A/84070111_A/34070110_A,,
Z161268464,2,P121011749,提拉杆连接件组合件_C0073381_A/84070111_A,,
Z161268465,2,P121010607,提拉杆连接件组合件_13529946_D/84070111_A,,
Z161268472,2,P121010607,提拉杆连接件组合件_13529946_D/84070111_A,,
Z161268478,2,P121010610,提拉杆连接件组合件_13529946_F/84070111_A,,
Z161268479,2,P121010613,提拉杆连接件组合件_13529946_H/84070111_A,,
Z161268480,2,P121010617,提拉杆连接件组合件_F8822381_A/84070111_A,,
Z161268483,2,P121010766,提拉杆连接件组合件_F8981170_A/84070111_A,,
Z161268491,2,P121013098,提拉杆连接件组合件_W4760672_C/84070111_A,,
Z161268492,2,P121013100,提拉杆连接件组合件_F9378027_A/84070111_A,,
Z161268493,2,P121013100,提拉杆连接件组合件_F9378027_A/84070111_A,,
Z161268502,2,P121013098,提拉杆连接件组合件_W4760672_C/84070111_A,,
Z161268504,2,P121012845,提拉杆连接件组合件_FA415460_A/84070111_A,,
Z161268505,2,P121010610,提拉杆连接件组合件_13529946_F/84070111_A,,
Z161268506,2,P121010610,提拉杆连接件组合件_13529946_F/84070111_A,,
Z161268516,2,P121010610,提拉杆连接件组合件_13529946_F/84070111_A,,
Z161268517,2,P121010610,提拉杆连接件组合件_13529946_F/84070111_A,,
Z161268518,2,P121010610,提拉杆连接件组合件_13529946_F/84070111_A,,
Z161268519,2,P121010610,提拉杆连接件组合件_13529946_F/84070111_A,,
Z161268527,2,P121010607,提拉杆连接件组合件_13529946_D/84070111_A,,
Z161268536,2,P121012845,提拉杆连接件组合件_FA415460_A/84070111_A,,
Z161268543,2,P121010610,提拉杆连接件组合件_13529946_F/84070111_A,,
Z161268544,2,P121013117,提拉杆连接件组合件_FA493570_A/84070111_A,,
Z161268547,2,P121010606,提拉杆连接件组合件_13529946_C/84070111_A,,
Z161268548,2,P121010610,提拉杆连接件组合件_13529946_F/84070111_A,,
Z161268549,2,P121013118,提拉杆连接件组合件_FA479584_A/84070111_A,,
Z161268560,2,P121013101,提拉杆连接件组合件_W4778123_A/84070111_A,,
Z161268562,2,P121010614,提拉杆连接件组合件_13529946_B/84070111_A,,
Z161268563,2,P121013023,提拉杆连接件组合件,,
Z161268577,2,P121010607,提拉杆连接件组合件_13529946_D/84070111_A,,
Z161268586,2,P121010607,提拉杆连接件组合件_13529946_D/84070111_A,,
Z161268593,2,P121010606,提拉杆连接件组合件_13529946_C/84070111_A,,
Z161268595,2,P121010618,提拉杆连接件组合件_F8860381_A/84070111_A,,
Z161268600,2,P121010614,提拉杆连接件组合件_13529946_B/84070111_A,,
Z161268605,2,P121010607,提拉杆连接件组合件_13529946_D/84070111_A,,
Z161268606,2,P121010607,提拉杆连接件组合件_13529946_D/84070111_A,,
Z161268607,2,P121013104,提拉杆连接件组合件_W4755288_A/84070111_A,,
Z161268608,2,P121013103,提拉杆连接件组合件_W4776619_A/84070111_A,,
Z161268610,2,P121011113,提拉杆连接件组合件_F9123948_A/84070111_A,,
Z161268613,2,P121010610,提拉杆连接件组合件_13529946_F/84070111_A,,
Z161268618,2,P121013122,提拉杆连接件组合件_W4758290_A/84070111_A,,
Z161268620,2,P121011948,提拉杆连接件组合件_C0073381_C/84070111_A,,
Z161268624,2,P121013105,提拉杆连接件组合件_W4784225_A/84070111_A,,
Z161268629,2,P121013115,提拉杆连接件组合件_FA429935_A/84070111_A,,
Z161268632,2,P121010607,提拉杆连接件组合件_13529946_D/84070111_A,,
Z161268633,2,P121010607,提拉杆连接件组合件_13529946_D/84070111_A,,
Z161268637,2,P121010610,提拉杆连接件组合件_13529946_F/84070111_A,,
Z161268643,2,P121010607,提拉杆连接件组合件_13529946_D/84070111_A,,
Z161268644,2,P121010606,提拉杆连接件组合件_13529946_C/84070111_A,,
Z161268646,2,P121011744,提拉杆连接件组合件_C0073381_B/84070111_A,,
Z161268647,2,P121010608,提拉杆连接件组合件_13529946_A/84070111_A,,
Z161268648,2,P121010608,提拉杆连接件组合件_13529946_A/84070111_A,,
Z161268650,2,P121013111,提拉杆连接件组合件_F9188874_A/84070111_A,,
Z161268658,2,P121010610,提拉杆连接件组合件_13529946_F/84070111_A,,
Z161268662,2,P121012752,提拉杆连接件组合件_FA402789_A/84070111_A,,
Z161268665,2,P121010606,提拉杆连接件组合件_13529946_C/84070111_A,,
Z161268669,2,P121013113,提拉杆连接件组合件_FA494909_A/84070111_A,,
Z161268685,2,P121013114,提拉杆连接件组合件_13529946_F/84070111_A,,
Z161268688,2,P121013115,提拉杆连接件组合件_FA429935_A/84070111_A,,
Z161268692,2,P121013116,提拉杆连接件组合件_FA519250_A/84070111_A,,
Z161268701,2,P121010607,提拉杆连接件组合件_13529946_D/84070111_A,,
Z161268702,2,P121010607,提拉杆连接件组合件_13529946_D/84070111_A,,
Z161268709,2,P121010610,提拉杆连接件组合件_13529946_F/84070111_A,,
Z161268710,2,P121010610,提拉杆连接件组合件_13529946_F/84070111_A,,
Z161268713,2,P121010610,提拉杆连接件组合件_13529946_F/84070111_A,,
Z161268725,2,P121012845,提拉杆连接件组合件_FA415460_A/84070111_A,,
Z161268735,2,P121010610,提拉杆连接件组合件_13529946_F/84070111_A,,
Z161268741,2,P121010608,提拉杆连接件组合件_13529946_A/84070111_A,,
Z161268763,2,P121010617,提拉杆连接件组合件_F8822381_A/84070111_A,,
Z161268772,2,P121010610,提拉杆连接件组合件_13529946_F/84070111_A,,
Z161268778,2,P121010773,提拉杆连接件组合件F8925534_A_F8925534_A/84070111_A/34070110_A,,
Z161268781,2,P121013023,提拉杆连接件组合件,,
Z161268785,2,P121010608,提拉杆连接件组合件_13529946_A/84070111_A,,
Z161268796,2,P121010618,提拉杆连接件组合件_F8860381_A/84070111_A,,
Z161268797,2,P121010610,提拉杆连接件组合件_13529946_F/84070111_A,,
Z161268823,2,P121010608,提拉杆连接件组合件_13529946_A/84070111_A,,
Z161268825,2,P121010607,提拉杆连接件组合件_13529946_D/84070111_A,,
Z161268829,2,P121010610,提拉杆连接件组合件_13529946_F/84070111_A,,
Z161268831,2,P121010608,提拉杆连接件组合件_13529946_A/84070111_A,,
Z161268832,2,P121010608,提拉杆连接件组合件_13529946_A/84070111_A,,
Z161268833,2,P121010607,提拉杆连接件组合件_13529946_D/84070111_A,,
Z161268834,2,P121010607,提拉杆连接件组合件_13529946_D/84070111_A,,
Z161268847,2,P121010606,提拉杆连接件组合件_13529946_C/84070111_A,,
Z161268850,2,P121010610,提拉杆连接件组合件_13529946_F/84070111_A,,
Z161268876,2,P121010613,提拉杆连接件组合件_13529946_H/84070111_A,,
Z161268892,2,P121010607,提拉杆连接件组合件_13529946_D/84070111_A,,
Z161268897,2,P121010614,提拉杆连接件组合件_13529946_B/84070111_A,,
Z161268899,2,P121010607,提拉杆连接件组合件_13529946_D/84070111_A,,
Z161268912,2,P121010607,提拉杆连接件组合件_13529946_D/84070111_A,,
Z161268918,2,P121013114,提拉杆连接件组合件_13529946_F/84070111_A,,
Z161268919,2,P121013114,提拉杆连接件组合件_13529946_F/84070111_A,,
Z161268924,2,P121010610,提拉杆连接件组合件_13529946_F/84070111_A,,
Z161268925,2,P121010617,提拉杆连接件组合件_F8822381_A/84070111_A,,
Z161268929,2,P121010607,提拉杆连接件组合件_13529946_D/84070111_A,,
Z161268931,2,P121010609,提拉杆连接件组合件_13529946_E/84070111_A,,
Z161268953,2,P121010608,提拉杆连接件组合件_13529946_A/84070111_A,,
Z161268963,2,P121010606,提拉杆连接件组合件_13529946_C/84070111_A,,
Z161268965,2,P121010606,提拉杆连接件组合件_13529946_C/84070111_A,,
Z161268970,2,P121010607,提拉杆连接件组合件_13529946_D/84070111_A,,
Z161268971,2,P121010608,提拉杆连接件组合件_13529946_A/84070111_A,,
Z161268975,2,P121010610,提拉杆连接件组合件_13529946_F/84070111_A,,
Z161268979,2,P121010617,提拉杆连接件组合件_F8822381_A/84070111_A,,
Z161268981,2,P121010609,提拉杆连接件组合件_13529946_E/84070111_A,,
Z161268985,2,P121010606,提拉杆连接件组合件_13529946_C/84070111_A,,
Z161268991,2,P121013115,提拉杆连接件组合件_FA429935_A/84070111_A,,
Z161269006,2,P121010606,提拉杆连接件组合件_13529946_C/84070111_A,,
Z161269008,2,P121010606,提拉杆连接件组合件_13529946_C/84070111_A,,
Z161269028,2,P121010607,提拉杆连接件组合件_13529946_D/84070111_A,,
Z161269036,2,P121010614,提拉杆连接件组合件_13529946_B/84070111_A,,
Z161269037,2,P121010608,提拉杆连接件组合件_13529946_A/84070111_A,,
Z161269038,2,P121012383,提拉杆连接件组合件_W4716067_B/84070111_A,,
Z161269046,2,P121010610,提拉杆连接件组合件_13529946_F/84070111_A,,
Z161269047,2,P121010610,提拉杆连接件组合件_13529946_F/84070111_A,,
Z161269049,2,P121010773,提拉杆连接件组合件F8925534_A_F8925534_A/84070111_A/34070110_A,,
Z161269052,2,P121010609,提拉杆连接件组合件_13529946_E/84070111_A,,
Z161269053,2,P121010607,提拉杆连接件组合件_13529946_D/84070111_A,,
Z161269055,2,P121011113,提拉杆连接件组合件_F9123948_A/84070111_A,,
Z161269063,2,P121010617,提拉杆连接件组合件_F8822381_A/84070111_A,,
Z161269070,2,P121010613,提拉杆连接件组合件_13529946_H/84070111_A,,
Z161269071,2,P121010613,提拉杆连接件组合件_13529946_H/84070111_A,,
Z161269074,2,P121013113,提拉杆连接件组合件_FA494909_A/84070111_A,,
Z161269088,2,P121010610,提拉杆连接件组合件_13529946_F/84070111_A,,
Z161269091,2,P121011113,提拉杆连接件组合件_F9123948_A/84070111_A,,
Z161269095,2,P121010609,提拉杆连接件组合件_13529946_E/84070111_A,,
Z161269107,2,P121010610,提拉杆连接件组合件_13529946_F/84070111_A,,
Z161269114,2,P121010617,提拉杆连接件组合件_F8822381_A/84070111_A,,
Z161269116,2,P121010773,提拉杆连接件组合件F8925534_A_F8925534_A/84070111_A/34070110_A,,
Z161269125,2,P121013118,提拉杆连接件组合件_FA479584_A/84070111_A,,
Z161269128,2,P121011113,提拉杆连接件组合件_F9123948_A/84070111_A,,
Z161269130,2,P121013115,提拉杆连接件组合件_FA429935_A/84070111_A,,
Z161269131,2,P121010607,提拉杆连接件组合件_13529946_D/84070111_A,,
Z161269132,2,P121010610,提拉杆连接件组合件_13529946_F/84070111_A,,
Z161269136,2,P121010608,提拉杆连接件组合件_13529946_A/84070111_A,,
Z161269140,2,P121013123,提拉杆连接件组合件_FA569401_A/84070111_A,,
Z161269146,2,P121013115,提拉杆连接件组合件_FA429935_A/84070111_A,,
Z161269148,2,P121010766,提拉杆连接件组合件_F8981170_A/84070111_A,,
Z161269153,2,P121010607,提拉杆连接件组合件_13529946_D/84070111_A,,
Z161269161,2,P121013115,提拉杆连接件组合件_FA429935_A/84070111_A,,
Z161269162,2,P121013115,提拉杆连接件组合件_FA429935_A/84070111_A,,
Z161269181,2,P121010610,提拉杆连接件组合件_13529946_F/84070111_A,,
Z161269189,2,P121010773,提拉杆连接件组合件F8925534_A_F8925534_A/84070111_A/34070110_A,,
Z161269191,2,P121010617,提拉杆连接件组合件_F8822381_A/84070111_A,,
Z161269192,2,P121010614,提拉杆连接件组合件_13529946_B/84070111_A,,
Z161269194,2,P121010610,提拉杆连接件组合件_13529946_F/84070111_A,,
Z161269198,2,P121010611,提拉杆连接件组合件_13529946_G/84070111_A,,
Z161269207,2,P121010610,提拉杆连接件组合件_13529946_F/84070111_A,,
Z161269218,2,P121013023,提拉杆连接件组合件,,
Z161269222,2,P121010606,提拉杆连接件组合件_13529946_C/84070111_A,,
Z161269231,2,P121010607,提拉杆连接件组合件_13529946_D/84070111_A,,
Z161269232,2,P121013124,提拉杆连接件组合件_F9972029_A/84070111_A,,
Z161269241,2,P121010610,提拉杆连接件组合件_13529946_F/84070111_A,,
